"","案件","縣市","地區","同意票數","不同意票數","有效票數","無效票數","投票數","投票權人數","投票率...","有效同意票數對投票權人數百分比...","有效不同意票數對投票權人數百分比...","有效同意與不同意票數對投票權人數百分比...差值","同意票數對票數比率","縣市首長得票率","縣市首長得票數","公投同意率對縣市首長得票率差距"
"1","第12案","全國","","6,401,748","4,072,471","10,474,219","540,757","11,014,976","19,757,067","55.75%","32.4%","20.61%",11.79,61.12,NA,NA,NA
"2","第12案","連江縣","","3,599","1,925","5,524","240","5,764","11,205","51.44%","32.12%","17.18%",14.94,65.15,NA,NA,NA
"3","第12案","連江縣","南竿鄉","2,094","1,064","3,158","125","3,283","6,461","50.81%","32.41%","16.47%",15.94,66.31,"62.12",2594,4.19
"4","第12案","連江縣","北竿鄉","713","347","1,060","51","1,111","2,125","52.28%","33.55%","16.33%",17.22,67.26,"77.38",1139,-10.12
"5","第12案","連江縣","莒光鄉","467","289","756","36","792","1,481","53.48%","31.53%","19.51%",12.02,61.77,"67.16",732,-5.38999999999999
"6","第12案","連江縣","東引鄉","325","225","550","28","578","1,138","50.79%","28.56%","19.77%",8.79,59.09,"59.10",396,-0.00999999999999801
"7","第12案","金門縣","","26,932","14,773","41,705","2,222","43,927","122,695","35.8%","21.95%","12.04%",9.91,64.58,NA,NA,NA
"8","第12案","金門縣","金城鎮","8,177","4,455","12,632","612","13,244","37,815","35.02%","21.62%","11.78%",9.84,64.73,"54.28",8137,10.45
"9","第12案","金門縣","金沙鎮","4,266","1,966","6,232","342","6,574","18,560","35.42%","22.98%","10.59%",12.39,68.45,"38.56",2974,29.89
"10","第12案","金門縣","金湖鎮","5,863","3,118","8,981","515","9,496","25,915","36.64%","22.62%","12.03%",10.59,65.28,"39.07",4204,26.21
"11","第12案","金門縣","金寧鄉","5,802","3,895","9,697","496","10,193","28,162","36.19%","20.6%","13.83%",6.77,59.83,"54.92",5989,4.91
"12","第12案","金門縣","烈嶼鄉","2,711","1,293","4,004","251","4,255","11,676","36.44%","23.22%","11.07%",12.15,67.71,"46.28",2154,21.43
"13","第12案","金門縣","烏坵鄉","113","46","159","6","165","567","29.1%","19.93%","8.11%",11.82,71.07,"29.67",62,41.4
"14","第12案","宜蘭縣","","119,746","83,726","203,472","12,663","216,135","386,089","55.98%","31.02%","21.69%",9.33,58.85,NA,NA,NA
"15","第12案","宜蘭縣","宜蘭市","25,673","17,297","42,970","2,111","45,081","79,167","56.94%","32.43%","21.85%",10.58,59.75,"48.45",23891,11.3
"16","第12案","宜蘭縣","羅東鎮","18,673","12,875","31,548","1,743","33,291","57,686","57.71%","32.37%","22.32%",10.05,59.19,"52.71",18457,6.48
"17","第12案","宜蘭縣","蘇澳鎮","10,125","7,865","17,990","1,472","19,462","34,512","56.39%","29.34%","22.79%",6.55,56.28,"49.44",11341,6.84
"18","第12案","宜蘭縣","頭城鎮","7,489","5,317","12,806","1,006","13,812","25,135","54.95%","29.8%","21.15%",8.65,58.48,"54.90",9405,3.58
"19","第12案","宜蘭縣","礁溪鄉","9,089","6,782","15,871","1,029","16,900","31,084","54.37%","29.24%","21.82%",7.42,57.27,"45.91",9698,11.36
"20","第12案","宜蘭縣","壯圍鄉","6,976","4,687","11,663","891","12,554","21,447","58.53%","32.53%","21.85%",10.68,59.81,"45.66",6978,14.15
"21","第12案","宜蘭縣","員山鄉","8,311","5,917","14,228","1,048","15,276","28,131","54.3%","29.54%","21.03%",8.51,58.41,"42.78",7844,15.63
"22","第12案","宜蘭縣","冬山鄉","13,199","9,936","23,135","1,316","24,451","45,405","53.85%","29.07%","21.88%",7.19,57.05,"45.83",13141,11.22
"23","第12案","宜蘭縣","五結鄉","10,228","7,412","17,640","1,126","18,766","34,892","53.78%","29.31%","21.24%",8.07,57.98,"47.07",10354,10.91
"24","第12案","宜蘭縣","三星鄉","5,535","3,892","9,427","648","10,075","19,051","52.88%","29.05%","20.43%",8.62,58.71,"47.48",6053,11.23
"25","第12案","宜蘭縣","大同鄉","2,548","867","3,415","145","3,560","4,935","72.14%","51.63%","17.57%",34.06,74.61,"86.02",3360,-11.41
"26","第12案","宜蘭縣","南澳鄉","1,900","879","2,779","128","2,907","4,644","62.6%","40.91%","18.93%",21.98,68.37,"88.73",3245,-20.36
"27","第12案","新竹縣","","150,580","92,309","242,889","10,969","253,858","445,051","57.04%","33.83%","20.74%",13.09,62,NA,NA,NA
"28","第12案","新竹縣","竹北市","47,451","29,863","77,314","2,796","80,110","137,129","58.42%","34.6%","21.78%",12.82,61.37,"33.50",27664,27.87
"29","第12案","新竹縣","竹東鎮","25,690","15,323","41,013","1,817","42,830","78,794","54.36%","32.6%","19.45%",13.15,62.64,"42.05",19629,20.59
"30","第12案","新竹縣","新埔鎮","9,575","5,965","15,540","831","16,371","28,894","56.66%","33.14%","20.64%",12.5,61.62,"35.99",6982,25.63
"31","第12案","新竹縣","關西鎮","8,351","4,999","13,350","783","14,133","24,712","57.19%","33.79%","20.23%",13.56,62.55,"35.70",6017,26.85
"32","第12案","新竹縣","湖口鄉","21,141","13,123","34,264","1,569","35,833","63,511","56.42%","33.29%","20.66%",12.63,61.7,"39.87",15866,21.83
"33","第12案","新竹縣","新豐鄉","15,412","9,190","24,602","1,075","25,677","45,790","56.08%","33.66%","20.07%",13.59,62.65,"33.97",9826,28.68
"34","第12案","新竹縣","芎林鄉","6,128","3,570","9,698","545","10,243","17,293","59.23%","35.44%","20.64%",14.8,63.19,"40.07",4876,23.12
"35","第12案","新竹縣","橫山鄉","3,721","2,562","6,283","459","6,742","11,346","59.42%","32.8%","22.58%",10.22,59.22,"44.23",3624,14.99
"36","第12案","新竹縣","北埔鄉","2,705","1,710","4,415","247","4,662","8,180","56.99%","33.07%","20.90%",12.17,61.27,"46.27",2769,15
"37","第12案","新竹縣","寶山鄉","4,360","2,952","7,312","373","7,685","12,973","59.24%","33.61%","22.75%",10.86,59.63,"45.93",4172,13.7
"38","第12案","新竹縣","峨眉鄉","1,841","1,018","2,859","215","3,074","5,068","60.66%","36.33%","20.09%",16.24,64.39,"53.52",2218,10.87
"39","第12案","新竹縣","尖石鄉","2,848","1,278","4,126","169","4,295","7,364","58.32%","38.67%","17.35%",21.32,69.03,"51.39",2836,17.64
"40","第12案","新竹縣","五峰鄉","1,357","756","2,113","90","2,203","3,997","55.12%","33.95%","18.91%",15.04,64.22,"45.33",1398,18.89
"41","第12案","苗栗縣","","153,026","95,793","248,819","14,539","263,358","461,580","57.06%","33.15%","20.75%",12.4,61.5,NA,NA,NA
"42","第12案","苗栗縣","苗栗市","25,845","15,204","41,049","1,875","42,924","74,249","57.81%","34.81%","20.48%",14.33,62.96,"61.27",28376,1.69
"43","第12案","苗栗縣","苑裡鎮","12,787","8,254","21,041","1,412","22,453","38,890","57.73%","32.88%","21.22%",11.66,60.77,"54.92",14322,5.85
"44","第12案","苗栗縣","通霄鎮","9,439","5,897","15,336","979","16,315","29,709","54.92%","31.77%","19.85%",11.92,61.55,"43.22",8970,18.33
"45","第12案","苗栗縣","竹南鎮","22,781","14,039","36,820","1,791","38,611","68,528","56.34%","33.24%","20.49%",12.75,61.87,"54.16",22785,7.71
"46","第12案","苗栗縣","頭份市","28,607","16,747","45,354","2,239","47,593","83,617","56.92%","34.21%","20.03%",14.18,63.07,"61.89",32143,1.18
"47","第12案","苗栗縣","後龍鎮","9,377","6,583","15,960","1,180","17,140","30,948","55.38%","30.3%","21.27%",9.03,58.75,"44.67",9556,14.08
"48","第12案","苗栗縣","卓蘭鎮","4,969","3,120","8,089","602","8,691","14,772","58.83%","33.64%","21.12%",12.52,61.43,"61.94",6717,-0.509999999999998
"49","第12案","苗栗縣","大湖鄉","3,818","2,459","6,277","492","6,769","12,653","53.5%","30.17%","19.43%",10.74,60.83,"61.84",5382,-1.01000000000001
"50","第12案","苗栗縣","公館鄉","9,209","6,429","15,638","1,092","16,730","28,318","59.08%","32.52%","22.70%",9.82,58.89,"61.40",11545,-2.51
"51","第12案","苗栗縣","銅鑼鄉","4,785","3,303","8,088","556","8,644","15,424","56.04%","31.02%","21.41%",9.61,59.16,"59.22",6331,-0.0600000000000023
"52","第12案","苗栗縣","南庄鄉","2,369","1,691","4,060","283","4,343","8,784","49.44%","26.97%","19.25%",7.72,58.35,"66.42",4014,-8.07
"53","第12案","苗栗縣","頭屋鄉","3,572","2,202","5,774","346","6,120","9,390","65.18%","38.04%","23.45%",14.59,61.86,"65.46",4863,-3.59999999999999
"54","第12案","苗栗縣","三義鄉","4,765","2,951","7,716","437","8,153","13,889","58.7%","34.31%","21.25%",13.06,61.75,"59.08",5845,2.67
"55","第12案","苗栗縣","西湖鄉","1,975","1,337","3,312","223","3,535","6,382","55.39%","30.95%","20.95%",10,59.63,"60.10",2817,-0.469999999999999
"56","第12案","苗栗縣","造橋鄉","3,616","2,359","5,975","448","6,423","11,027","58.25%","32.79%","21.39%",11.4,60.52,"60.51",4444,0.0100000000000051
"57","第12案","苗栗縣","三灣鄉","1,914","1,269","3,183","227","3,410","5,852","58.27%","32.71%","21.68%",11.03,60.13,"67.26",2767,-7.13
"58","第12案","苗栗縣","獅潭鄉","1,166","700","1,866","177","2,043","3,968","51.49%","29.39%","17.64%",11.75,62.49,"69.92",2050,-7.43
"59","第12案","苗栗縣","泰安鄉","2,032","1,249","3,281","180","3,461","5,180","66.81%","39.23%","24.11%",15.12,61.93,"65.21",2829,-3.27999999999999
"60","第12案","彰化縣","","356,924","224,371","581,295","35,062","616,357","1,066,994","57.77%","33.45%","21.03%",12.42,61.4,NA,NA,NA
"61","第12案","彰化縣","彰化市","68,788","41,730","110,518","5,319","115,837","190,995","60.65%","36.02%","21.85%",14.17,62.24,"53.12",65874,9.12
"62","第12案","彰化縣","鹿港鎮","23,865","15,045","38,910","2,357","41,267","70,505","58.53%","33.85%","21.34%",12.51,61.33,"57.80",27397,3.53
"63","第12案","彰化縣","和美鎮","24,610","16,291","40,901","2,138","43,039","75,286","57.17%","32.69%","21.64%",11.05,60.17,"59.04",29004,1.13
"64","第12案","彰化縣","線西鄉","4,751","3,117","7,868","566","8,434","14,065","59.96%","33.78%","22.16%",11.62,60.38,"66.82",6615,-6.43999999999999
"65","第12案","彰化縣","伸港鄉","9,720","6,433","16,153","1,105","17,258","30,407","56.76%","31.97%","21.16%",10.81,60.17,"62.30",12781,-2.13
"66","第12案","彰化縣","福興鄉","12,923","7,536","20,459","1,253","21,712","39,745","54.63%","32.51%","18.96%",13.55,63.17,"57.65",15125,5.52
"67","第12案","彰化縣","秀水鄉","11,216","7,005","18,221","1,120","19,341","32,394","59.71%","34.62%","21.62%",13,61.56,"58.90",13132,2.66
"68","第12案","彰化縣","花壇鄉","14,186","7,908","22,094","1,169","23,263","38,924","59.77%","36.45%","20.32%",16.13,64.21,"55.34",14443,8.86999999999999
"69","第12案","彰化縣","芬園鄉","6,526","4,148","10,674","743","11,417","20,408","55.94%","31.98%","20.33%",11.65,61.14,"47.37",6594,13.77
"70","第12案","彰化縣","員林市","33,660","21,760","55,420","2,842","58,262","102,028","57.1%","32.99%","21.33%",11.66,60.74,"49.95",31949,10.79
"71","第12案","彰化縣","溪湖鎮","15,354","9,656","25,010","1,558","26,568","45,147","58.85%","34.01%","21.39%",12.62,61.39,"53.67",16431,7.72
"72","第12案","彰化縣","田中鎮","12,217","7,289","19,506","1,162","20,668","35,391","58.4%","34.52%","20.60%",13.92,62.63,"49.06",11340,13.57
"73","第12案","彰化縣","大村鄉","10,702","6,852","17,554","1,069","18,623","31,492","59.14%","33.98%","21.76%",12.22,60.97,"50.73",10826,10.24
"74","第12案","彰化縣","埔鹽鄉","9,874","6,020","15,894","1,024","16,918","28,026","60.37%","35.23%","21.48%",13.75,62.12,"60.82",12415,1.3
"75","第12案","彰化縣","埔心鄉","10,317","6,885","17,202","1,169","18,371","29,642","61.98%","34.81%","23.23%",11.58,59.98,"47.38",9694,12.6
"76","第12案","彰化縣","永靖鄉","10,584","7,076","17,660","1,094","18,754","31,239","60.03%","33.88%","22.65%",11.23,59.93,"46.77",10057,13.16
"77","第12案","彰化縣","社頭鄉","11,701","8,292","19,993","1,153","21,146","36,306","58.24%","32.23%","22.84%",9.39,58.53,"48.04",11703,10.49
"78","第12案","彰化縣","二水鄉","4,983","2,611","7,594","547","8,141","13,339","61.03%","37.36%","19.57%",17.79,65.62,"45.79",4452,19.83
"79","第12案","彰化縣","北斗鎮","9,465","5,748","15,213","968","16,181","27,593","58.64%","34.3%","20.83%",13.47,62.22,"49.47",9082,12.75
"80","第12案","彰化縣","二林鎮","13,211","8,115","21,326","1,492","22,818","42,976","53.09%","30.74%","18.88%",11.86,61.95,"54.42",15652,7.53
"81","第12案","彰化縣","田尾鄉","7,969","4,930","12,899","879","13,778","23,179","59.44%","34.38%","21.27%",13.11,61.78,"49.86",7946,11.92
"82","第12案","彰化縣","埤頭鄉","7,832","5,029","12,861","1,146","14,007","25,677","54.55%","30.5%","19.59%",10.91,60.9,"50.67",8548,10.23
"83","第12案","彰化縣","芳苑鄉","8,085","5,166","13,251","1,238","14,489","29,291","49.47%","27.6%","17.64%",9.96,61.01,"47.78",9404,13.23
"84","第12案","彰化縣","大城鄉","3,240","2,026","5,266","488","5,754","14,713","39.11%","22.02%","13.77%",8.25,61.53,"50.78",4708,10.75
"85","第12案","彰化縣","竹塘鄉","3,755","2,717","6,472","558","7,030","12,821","54.83%","29.29%","21.19%",8.1,58.02,"46.23",4333,11.79
"86","第12案","彰化縣","溪州鄉","7,390","4,986","12,376","905","13,281","25,405","52.28%","29.09%","19.63%",9.46,59.71,"48.28",8290,11.43
"87","第12案","南投縣","","143,356","91,565","234,921","14,026","248,947","427,089","58.29%","33.57%","21.44%",12.13,61.02,NA,NA,NA
"88","第12案","南投縣","南投市","30,688","18,233","48,921","2,370","51,291","84,328","60.82%","36.39%","21.62%",14.77,62.73,"68.02",39008,-5.29
"89","第12案","南投縣","埔里鎮","22,909","14,653","37,562","2,218","39,780","68,763","57.85%","33.32%","21.31%",12.01,60.99,"70.04",31617,-9.05
"90","第12案","南投縣","草屯鎮","27,781","18,359","46,140","2,277","48,417","82,922","58.39%","33.5%","22.14%",11.36,60.21,"53.79",29774,6.42
"91","第12案","南投縣","竹山鎮","14,445","10,060","24,505","1,530","26,035","47,034","55.35%","30.71%","21.39%",9.32,58.95,"68.00",21162,-9.05
"92","第12案","南投縣","集集鎮","2,990","2,213","5,203","387","5,590","9,611","58.16%","31.11%","23.03%",8.08,57.47,"68.63",4774,-11.16
"93","第12案","南投縣","名間鄉","11,518","7,257","18,775","1,354","20,129","33,408","60.25%","34.48%","21.72%",12.76,61.35,"64.75",15432,-3.4
"94","第12案","南投縣","鹿谷鄉","4,657","3,348","8,005","616","8,621","15,941","54.08%","29.21%","21.00%",8.21,58.18,"72.48",8156,-14.3
"95","第12案","南投縣","中寮鄉","4,197","2,902","7,099","559","7,658","13,181","58.1%","31.84%","22.02%",9.82,59.12,"70.31",6940,-11.19
"96","第12案","南投縣","魚池鄉","4,019","3,031","7,050","600","7,650","13,958","54.81%","28.79%","21.72%",7.07,57.01,"68.99",6810,-11.98
"97","第12案","南投縣","國姓鄉","5,242","3,437","8,679","657","9,336","16,597","56.25%","31.58%","20.71%",10.87,60.4,"68.21",8152,-7.81
"98","第12案","南投縣","水里鄉","4,880","3,232","8,112","557","8,669","15,458","56.08%","31.57%","20.91%",10.66,60.16,"69.89",7621,-9.73
"99","第12案","南投縣","信義鄉","5,655","2,337","7,992","504","8,496","13,299","63.88%","42.52%","17.57%",24.95,70.76,"80.96",7902,-10.2
"100","第12案","南投縣","仁愛鄉","4,375","2,503","6,878","397","7,275","12,589","57.79%","34.75%","19.88%",14.87,63.61,"84.82",8037,-21.21
"101","第12案","雲林縣","","170,393","114,101","284,494","20,533","305,027","584,480","52.19%","29.15%","19.52%",9.63,59.89,NA,NA,NA
"102","第12案","雲林縣","斗六市","29,976","19,543","49,519","2,309","51,828","89,761","57.74%","33.4%","21.77%",11.63,60.53,"55.08",32050,5.45
"103","第12案","雲林縣","斗南鎮","12,689","8,180","20,869","1,151","22,020","38,138","57.74%","33.27%","21.45%",11.82,60.8,"52.06",13445,8.73999999999999
"104","第12案","雲林縣","虎尾鎮","17,512","12,095","29,607","1,658","31,265","58,167","53.75%","30.11%","20.79%",9.32,59.15,"55.93",21349,3.22
"105","第12案","雲林縣","西螺鎮","11,288","7,807","19,095","1,400","20,495","38,142","53.73%","29.59%","20.47%",9.12,59.11,"46.89",12109,12.22
"106","第12案","雲林縣","土庫鎮","7,060","4,803","11,863","1,003","12,866","24,412","52.7%","28.92%","19.67%",9.25,59.51,"58.40",10136,1.11
"107","第12案","雲林縣","北港鎮","10,470","6,854","17,324","1,331","18,655","33,958","54.94%","30.83%","20.18%",10.65,60.44,"49.22",11426,11.22
"108","第12案","雲林縣","古坑鄉","8,316","5,364","13,680","1,001","14,681","27,477","53.43%","30.27%","19.52%",10.75,60.79,"54.35",10087,6.44
"109","第12案","雲林縣","大埤鄉","4,704","3,339","8,043","570","8,613","16,509","52.17%","28.49%","20.23%",8.26,58.49,"53.96",6339,4.53
"110","第12案","雲林縣","莿桐鄉","7,420","5,098","12,518","1,094","13,612","24,570","55.4%","30.2%","20.75%",9.45,59.27,"46.94",8218,12.33
"111","第12案","雲林縣","林內鄉","4,885","3,241","8,126","715","8,841","15,551","56.85%","31.41%","20.84%",10.57,60.12,"49.63",5234,10.49
"112","第12案","雲林縣","二崙鄉","6,035","4,230","10,265","995","11,260","23,367","48.19%","25.83%","18.10%",7.73,58.79,"47.22",7461,11.57
"113","第12案","雲林縣","崙背鄉","5,759","3,820","9,579","797","10,376","21,050","49.29%","27.36%","18.15%",9.21,60.12,"54.85",7961,5.27
"114","第12案","雲林縣","麥寮鄉","10,179","6,888","17,067","1,232","18,299","37,119","49.3%","27.42%","18.56%",8.86,59.64,"68.02",15550,-8.38
"115","第12案","雲林縣","東勢鄉","3,613","2,464","6,077","553","6,630","13,239","50.08%","27.29%","18.61%",8.68,59.45,"57.56",5687,1.89
"116","第12案","雲林縣","褒忠鄉","3,162","2,292","5,454","428","5,882","11,381","51.68%","27.78%","20.14%",7.64,57.98,"54.55",4746,3.43
"117","第12案","雲林縣","臺西鄉","5,471","3,451","8,922","809","9,731","21,125","46.06%","25.9%","16.34%",9.56,61.32,"63.59",8833,-2.27
"118","第12案","雲林縣","元長鄉","5,559","3,683","9,242","736","9,978","22,830","43.71%","24.35%","16.13%",8.22,60.15,"53.11",8118,7.04
"119","第12案","雲林縣","四湖鄉","4,509","3,123","7,632","766","8,398","20,983","40.02%","21.49%","14.88%",6.61,59.08,"51.31",6384,7.77
"120","第12案","雲林縣","口湖鄉","6,409","4,123","10,532","1,122","11,654","24,193","48.17%","26.49%","17.04%",9.45,60.85,"53.85",8739,7
"121","第12案","雲林縣","水林鄉","5,377","3,703","9,080","863","9,943","22,508","44.18%","23.89%","16.45%",7.44,59.22,"46.07",6898,13.15
"122","第12案","嘉義縣","","132,636","81,825","214,461","13,955","228,416","442,775","51.59%","29.96%","18.48%",11.48,61.85,NA,NA,NA
"123","第12案","嘉義縣","太保市","9,940","6,382","16,322","830","17,152","31,568","54.33%","31.49%","20.22%",11.27,60.9,"30.04",6092,30.86
"124","第12案","嘉義縣","朴子市","10,800","6,642","17,442","1,017","18,459","35,191","52.45%","30.69%","18.87%",11.82,61.92,"27.90",6178,34.02
"125","第12案","嘉義縣","布袋鎮","6,938","4,035","10,973","850","11,823","23,965","49.33%","28.95%","16.84%",12.11,63.23,"33.39",5053,29.84
"126","第12案","嘉義縣","大林鎮","8,075","5,293","13,368","815","14,183","26,922","52.68%","29.99%","19.66%",10.33,60.41,"30.85",5426,29.56
"127","第12案","嘉義縣","民雄鄉","19,293","11,995","31,288","1,794","33,082","61,209","54.05%","31.52%","19.60%",11.92,61.66,"31.91",12139,29.75
"128","第12案","嘉義縣","溪口鄉","4,086","2,363","6,449","445","6,894","13,105","52.61%","31.18%","18.03%",13.15,63.36,"23.16",2099,40.2
"129","第12案","嘉義縣","新港鄉","8,563","5,310","13,873","1,096","14,969","27,342","54.75%","31.32%","19.42%",11.9,61.72,"22.97",4298,38.75
"130","第12案","嘉義縣","六腳鄉","5,217","3,177","8,394","643","9,037","20,821","43.4%","25.06%","15.26%",9.8,62.15,"23.62",2989,38.53
"131","第12案","嘉義縣","東石鄉","5,453","2,984","8,437","768","9,205","21,915","42%","24.88%","13.62%",11.26,64.63,"24.13",3193,40.5
"132","第12案","嘉義縣","義竹鄉","4,946","2,911","7,857","681","8,538","16,647","51.29%","29.71%","17.49%",12.22,62.95,"20.14",2414,42.81
"133","第12案","嘉義縣","鹿草鄉","3,713","2,360","6,073","556","6,629","13,937","47.56%","26.64%","16.93%",9.71,61.14,"28.43",2545,32.71
"134","第12案","嘉義縣","水上鄉","13,744","8,519","22,263","1,312","23,575","43,857","53.75%","31.34%","19.42%",11.92,61.73,"35.15",9734,26.58
"135","第12案","嘉義縣","中埔鄉","10,814","6,970","17,784","991","18,775","39,139","47.97%","27.63%","17.81%",9.82,60.81,"32.85",7751,27.96
"136","第12案","嘉義縣","竹崎鄉","9,650","5,888","15,538","926","16,464","31,228","52.72%","30.9%","18.85%",12.05,62.11,"30.16",6300,31.95
"137","第12案","嘉義縣","梅山鄉","5,569","3,298","8,867","660","9,527","17,083","55.77%","32.6%","19.31%",13.29,62.81,"28.71",3437,34.1
"138","第12案","嘉義縣","番路鄉","3,278","2,041","5,319","383","5,702","10,156","56.14%","32.28%","20.10%",12.18,61.63,"36.38",2510,25.25
"139","第12案","嘉義縣","大埔鄉","1,280","822","2,102","98","2,200","3,999","55.01%","32.01%","20.56%",11.45,60.89,"29.89",919,31
"140","第12案","嘉義縣","阿里山鄉","1,277","835","2,112","90","2,202","4,691","46.94%","27.22%","17.80%",9.42,60.46,"36.08",1166,24.38
"141","第12案","屏東縣","","216,753","136,224","352,977","23,852","376,829","711,720","52.95%","30.45%","19.14%",11.31,61.41,NA,NA,NA
"142","第12案","屏東縣","屏東市","53,638","33,114","86,752","4,173","90,925","170,148","53.44%","31.52%","19.46%",12.06,61.83,"45.47",46320,16.36
"143","第12案","屏東縣","潮州鎮","14,538","8,696","23,234","1,257","24,491","46,444","52.73%","31.3%","18.72%",12.58,62.57,"43.62",12571,18.95
"144","第12案","屏東縣","東港鎮","11,765","7,877","19,642","1,502","21,144","39,495","53.54%","29.79%","19.94%",9.85,59.9,"47.04",11387,12.86
"145","第12案","屏東縣","恆春鎮","6,419","4,918","11,337","776","12,113","25,661","47.2%","25.01%","19.17%",5.84,56.62,"40.55",6729,16.07
"146","第12案","屏東縣","萬丹鄉","13,536","8,355","21,891","1,574","23,465","43,478","53.97%","31.13%","19.22%",11.91,61.83,"38.87",11272,22.96
"147","第12案","屏東縣","長治鄉","8,236","5,259","13,495","958","14,453","26,256","55.05%","31.37%","20.03%",11.34,61.03,"40.05",6939,20.98
"148","第12案","屏東縣","麟洛鄉","3,544","2,001","5,545","321","5,866","9,970","58.84%","35.55%","20.07%",15.48,63.91,"35.45",2526,28.46
"149","第12案","屏東縣","九如鄉","5,776","3,695","9,471","895","10,366","19,132","54.18%","30.19%","19.31%",10.88,60.99,"30.03",3977,30.96
"150","第12案","屏東縣","里港鄉","6,740","4,569","11,309","985","12,294","22,128","55.56%","30.46%","20.65%",9.81,59.6,"34.75",5371,24.85
"151","第12案","屏東縣","鹽埔鄉","6,444","4,323","10,767","873","11,640","22,402","51.96%","28.77%","19.30%",9.47,59.85,"41.20",6561,18.65
"152","第12案","屏東縣","高樹鄉","5,804","3,989","9,793","1,003","10,796","21,697","49.76%","26.75%","18.39%",8.36,59.27,"34.53",5402,24.74
"153","第12案","屏東縣","萬巒鄉","5,074","3,640","8,714","665","9,379","17,945","52.27%","28.28%","20.28%",8,58.23,"31.41",3866,26.82
"154","第12案","屏東縣","內埔鄉","13,292","8,506","21,798","1,402","23,200","47,558","48.78%","27.95%","17.89%",10.06,60.98,"36.84",10697,24.14
"155","第12案","屏東縣","竹田鄉","5,021","3,157","8,178","678","8,856","15,353","57.68%","32.7%","20.56%",12.14,61.4,"36.23",4040,25.17
"156","第12案","屏東縣","新埤鄉","2,559","1,660","4,219","377","4,596","9,033","50.88%","28.33%","18.38%",9.95,60.65,"41.34",2663,19.31
"157","第12案","屏東縣","枋寮鄉","6,469","4,070","10,539","982","11,521","21,394","53.85%","30.24%","19.02%",11.22,61.38,"50.44",7635,10.94
"158","第12案","屏東縣","新園鄉","9,147","5,827","14,974","1,277","16,251","30,706","52.92%","29.79%","18.98%",10.81,61.09,"39.28",8167,21.81
"159","第12案","屏東縣","崁頂鄉","3,662","2,334","5,996","489","6,485","12,270","52.85%","29.85%","19.02%",10.83,61.07,"38.80",3219,22.27
"160","第12案","屏東縣","林邊鄉","5,149","3,009","8,158","667","8,825","15,691","56.24%","32.81%","19.18%",13.63,63.12,"38.84",4376,24.28
"161","第12案","屏東縣","南州鄉","2,779","1,937","4,716","408","5,124","9,479","54.06%","29.32%","20.43%",8.89,58.93,"42.84",3024,16.09
"162","第12案","屏東縣","佳冬鄉","4,877","2,953","7,830","739","8,569","17,063","50.22%","28.58%","17.31%",11.27,62.29,"37.29",4432,25
"163","第12案","屏東縣","琉球鄉","2,812","1,611","4,423","331","4,754","10,706","44.41%","26.27%","15.05%",11.22,63.58,"69.26",4763,-5.68000000000001
"164","第12案","屏東縣","車城鄉","1,698","1,269","2,967","242","3,209","7,595","42.25%","22.36%","16.71%",5.65,57.23,"33.67",1786,23.56
"165","第12案","屏東縣","滿州鄉","1,674","1,268","2,942","114","3,056","7,206","42.41%","23.23%","17.60%",5.63,56.9,"37.68",1994,19.22
"166","第12案","屏東縣","枋山鄉","1,441","899","2,340","185","2,525","4,856","52%","29.67%","18.51%",11.16,61.58,"35.63",1385,25.95
"167","第12案","屏東縣","三地門鄉","2,519","1,274","3,793","197","3,990","6,373","62.61%","39.53%","19.99%",19.54,66.41,"56.14",2895,10.27
"168","第12案","屏東縣","霧臺鄉","1,573","609","2,182","80","2,262","2,950","76.68%","53.32%","20.64%",32.68,72.09,"45.34",1129,26.75
"169","第12案","屏東縣","瑪家鄉","2,430","1,185","3,615","159","3,774","5,663","66.64%","42.91%","20.93%",21.98,67.22,"51.40",2350,15.82
"170","第12案","屏東縣","泰武鄉","1,763","992","2,755","140","2,895","4,344","66.64%","40.58%","22.84%",17.74,63.99,"46.62",1668,17.37
"171","第12案","屏東縣","來義鄉","2,423","1,131","3,554","192","3,746","6,257","59.87%","38.72%","18.08%",20.64,68.18,"56.24",2673,11.94
"172","第12案","屏東縣","春日鄉","1,095","605","1,700","48","1,748","3,923","44.56%","27.91%","15.42%",12.49,64.41,"57.38",1737,7.02999999999999
"173","第12案","屏東縣","獅子鄉","1,814","748","2,562","97","2,659","4,230","62.86%","42.88%","17.68%",25.2,70.8,"64.02",2192,6.78
"174","第12案","屏東縣","牡丹鄉","1,042","744","1,786","66","1,852","4,314","42.93%","24.15%","17.25%",6.9,58.34,"55.41",1772,2.93000000000001
"175","第12案","臺東縣","","57,826","34,122","91,948","5,646","97,594","185,996","52.47%","31.09%","18.35%",12.74,62.89,NA,NA,NA
"176","第12案","臺東縣","臺東市","28,924","16,982","45,906","2,266","48,172","87,803","54.86%","32.94%","19.34%",13.6,63.01,"56.04",31213,6.97
"177","第12案","臺東縣","成功鎮","3,596","2,245","5,841","480","6,321","12,426","50.87%","28.94%","18.07%",10.87,61.56,"60.80",4481,0.760000000000005
"178","第12案","臺東縣","關山鎮","2,116","1,392","3,508","240","3,748","7,509","49.91%","28.18%","18.54%",9.64,60.32,"61.09",3094,-0.770000000000003
"179","第12案","臺東縣","卑南鄉","4,552","2,778","7,330","596","7,926","14,976","52.92%","30.4%","18.55%",11.85,62.1,"59.30",5699,2.8
"180","第12案","臺東縣","鹿野鄉","1,689","1,217","2,906","232","3,138","6,936","45.24%","24.35%","17.55%",6.8,58.12,"52.09",2385,6.02999999999999
"181","第12案","臺東縣","池上鄉","1,704","1,294","2,998","306","3,304","7,162","46.13%","23.79%","18.07%",5.72,56.84,"58.33",2588,-1.48999999999999
"182","第12案","臺東縣","東河鄉","1,990","1,176","3,166","248","3,414","7,635","44.72%","26.06%","15.40%",10.66,62.86,"59.09",2782,3.77
"183","第12案","臺東縣","長濱鄉","1,623","931","2,554","262","2,816","6,484","43.43%","25.03%","14.36%",10.67,63.55,"60.49",2347,3.06
"184","第12案","臺東縣","太麻里鄉","3,374","1,678","5,052","299","5,351","9,666","55.36%","34.91%","17.36%",17.55,66.79,"63.74",4251,3.05
"185","第12案","臺東縣","大武鄉","1,903","682","2,585","198","2,783","5,266","52.85%","36.14%","12.95%",23.19,73.62,"62.83",2282,10.79
"186","第12案","臺東縣","綠島鄉","945","585","1,530","62","1,592","3,579","44.48%","26.4%","16.35%",10.05,61.76,"65.81",1536,-4.05
"187","第12案","臺東縣","海端鄉","1,002","680","1,682","89","1,771","3,278","54.03%","30.57%","20.74%",9.83,59.57,"74.82",1661,-15.25
"188","第12案","臺東縣","延平鄉","1,062","548","1,610","97","1,707","2,930","58.26%","36.25%","18.70%",17.55,65.96,"73.81",1677,-7.85000000000001
"189","第12案","臺東縣","金峰鄉","1,285","627","1,912","89","2,001","3,028","66.08%","42.44%","20.71%",21.73,67.21,"72.30",1770,-5.09
"190","第12案","臺東縣","達仁鄉","1,207","566","1,773","102","1,875","3,137","59.77%","38.48%","18.04%",20.44,68.08,"69.11",1707,-1.03
"191","第12案","臺東縣","蘭嶼鄉","854","741","1,595","80","1,675","4,181","40.06%","20.43%","17.72%",2.71,53.54,"51.86",1104,1.68
"192","第12案","花蓮縣","","86,680","53,334","140,014","8,000","148,014","278,059","53.23%","31.17%","19.18%",11.99,61.91,NA,NA,NA
"193","第12案","花蓮縣","花蓮市","27,589","16,285","43,874","1,893","45,767","84,807","53.97%","32.53%","19.20%",13.33,62.88,"65.99",32399,-3.10999999999999
"194","第12案","花蓮縣","鳳林鎮","3,083","1,883","4,966","414","5,380","9,676","55.6%","31.86%","19.46%",12.4,62.08,"76.26",4991,-14.18
"195","第12案","花蓮縣","玉里鎮","5,927","3,385","9,312","821","10,133","20,650","49.07%","28.7%","16.39%",12.31,63.65,"76.13",9193,-12.48
"196","第12案","花蓮縣","新城鄉","5,272","3,498","8,770","504","9,274","17,029","54.46%","30.96%","20.54%",10.42,60.11,"71.41",7551,-11.3
"197","第12案","花蓮縣","吉安鄉","22,580","14,036","36,616","1,685","38,301","72,116","53.11%","31.31%","19.46%",11.85,61.67,"68.51",28510,-6.84
"198","第12案","花蓮縣","壽豐鄉","4,999","3,250","8,249","625","8,874","15,847","56%","31.55%","20.51%",11.04,60.6,"71.53",7438,-10.93
"199","第12案","花蓮縣","光復鄉","3,542","2,088","5,630","434","6,064","11,417","53.11%","31.02%","18.29%",12.73,62.91,"77.36",5830,-14.45
"200","第12案","花蓮縣","豐濱鄉","1,271","774","2,045","132","2,177","4,395","49.53%","28.92%","17.61%",11.31,62.15,"77.70",2471,-15.55
"201","第12案","花蓮縣","瑞穗鄉","2,976","1,826","4,802","425","5,227","10,279","50.85%","28.95%","17.76%",11.19,61.97,"75.78",5010,-13.81
"202","第12案","花蓮縣","富里鄉","2,126","1,656","3,782","391","4,173","9,065","46.03%","23.45%","18.27%",5.18,56.21,"77.81",4628,-21.6
"203","第12案","花蓮縣","秀林鄉","3,727","2,490","6,217","348","6,565","12,562","52.26%","29.67%","19.82%",9.85,59.95,"80.55",7074,-20.6
"204","第12案","花蓮縣","萬榮鄉","1,857","1,096","2,953","176","3,129","5,269","59.39%","35.24%","20.80%",14.44,62.89,"83.70",3205,-20.81
"205","第12案","花蓮縣","卓溪鄉","1,731","1,067","2,798","152","2,950","4,947","59.63%","34.99%","21.57%",13.42,61.87,"88.10",2997,-26.23
"206","第12案","澎湖縣","","24,658","14,157","38,815","2,388","41,203","90,405","45.58%","27.28%","15.66%",11.62,63.53,NA,NA,NA
"207","第12案","澎湖縣","馬公市","15,859","9,152","25,011","1,337","26,348","53,655","49.11%","29.56%","17.06%",12.5,63.41,"41.14",12806,22.27
"208","第12案","澎湖縣","湖西鄉","3,346","1,956","5,302","346","5,648","12,741","44.33%","26.26%","15.35%",10.91,63.11,"31.28",2452,31.83
"209","第12案","澎湖縣","白沙鄉","2,284","1,171","3,455","241","3,696","8,625","42.85%","26.48%","13.58%",12.9,66.11,"38.13",1951,27.98
"210","第12案","澎湖縣","西嶼鄉","1,439","866","2,305","260","2,565","7,382","34.75%","19.49%","11.73%",7.76,62.43,"38.54",1558,23.89
"211","第12案","澎湖縣","望安鄉","1,177","616","1,793","121","1,914","4,628","41.36%","25.43%","13.31%",12.12,65.64,"28.84",841,36.8
"212","第12案","澎湖縣","七美鄉","553","396","949","83","1,032","3,374","30.59%","16.39%","11.74%",4.65,58.27,"51.36",962,6.91
"213","第12案","基隆市","","96,333","62,976","159,309","7,189","166,498","320,030","52.03%","30.1%","19.68%",10.42,60.47,NA,NA,NA
"214","第12案","基隆市","中正區","12,322","8,255","20,577","1,109","21,686","45,545","47.61%","27.05%","18.12%",8.93,59.88,"47.21",12009,12.67
"215","第12案","基隆市","七堵區","14,532","9,137","23,669","1,092","24,761","46,256","53.53%","31.42%","19.75%",11.67,61.4,"42.50",11745,18.9
"216","第12案","基隆市","暖暖區","10,325","6,694","17,019","640","17,659","33,225","53.15%","31.08%","20.15%",10.93,60.67,"46.76",9222,13.91
"217","第12案","基隆市","仁愛區","11,401","7,385","18,786","1,047","19,833","36,738","53.98%","31.03%","20.10%",10.93,60.69,"44.13",9877,16.56
"218","第12案","基隆市","中山區","12,443","8,188","20,631","959","21,590","41,856","51.58%","29.73%","19.56%",10.17,60.31,"45.51",11424,14.8
"219","第12案","基隆市","安樂區","21,005","14,155","35,160","1,473","36,633","70,396","52.04%","29.84%","20.11%",9.73,59.74,"45.04",18580,14.7
"220","第12案","基隆市","信義區","14,305","9,162","23,467","869","24,336","46,014","52.89%","31.09%","19.91%",11.18,60.96,"50.35",13672,10.61
"221","第12案","新竹市","","116,724","75,092","191,816","8,539","200,355","351,775","56.96%","33.18%","21.35%",11.83,60.85,NA,NA,NA
"222","第12案","新竹市","東區","54,827","35,588","90,415","3,640","94,055","163,757","57.44%","33.48%","21.73%",11.75,60.64,"29.23",29097,31.41
"223","第12案","新竹市","北區","40,483","25,931","66,414","3,115","69,529","123,122","56.47%","32.88%","21.06%",11.82,60.96,"27.43",20850,33.53
"224","第12案","新竹市","香山區","21,414","13,573","34,987","1,784","36,771","64,896","56.66%","33%","20.92%",12.08,61.21,"25.42",10561,35.79
"225","第12案","嘉義市","","73,821","44,563","118,384","4,721","123,105","221,553","55.56%","33.32%","20.11%",13.21,62.36,NA,NA,NA
"226","第12案","嘉義市","東區","33,406","20,228","53,634","2,073","55,707","100,647","55.35%","33.19%","20.10%",13.09,62.29,"43.64",27558,18.65
"227","第12案","嘉義市","西區","40,415","24,335","64,750","2,648","67,398","120,906","55.74%","33.43%","20.13%",13.3,62.42,"39.21",31000,23.21
"228","第12案","臺北市","","732,239","506,433","1,238,672","55,460","1,294,132","2,228,430","58.07%","32.86%","22.73%",10.13,59.11,NA,NA,NA
"229","第12案","臺北市","松山區","57,656","38,733","96,389","4,247","100,636","169,278","59.45%","34.06%","22.88%",11.18,59.82,"43.36",46381,16.46
"230","第12案","臺北市","信義區","62,853","43,324","106,177","4,836","111,013","190,444","58.29%","33%","22.75%",10.25,59.2,"43.99",53955,15.21
"231","第12案","臺北市","大安區","83,730","56,964","140,694","5,604","146,298","252,645","57.91%","33.14%","22.55%",10.59,59.51,"45.73",72325,13.78
"232","第12案","臺北市","中山區","62,130","44,981","107,111","4,939","112,050","195,148","57.42%","31.84%","23.05%",8.79,58.01,"38.38",46746,19.63
"233","第12案","臺北市","中正區","42,868","29,334","72,202","3,032","75,234","128,292","58.64%","33.41%","22.87%",10.54,59.37,"41.83",33897,17.54
"234","第12案","臺北市","大同區","34,138","25,407","59,545","3,208","62,753","107,557","58.34%","31.74%","23.62%",8.12,57.33,"29.69",20763,27.64
"235","第12案","臺北市","萬華區","50,898","36,257","87,155","4,721","91,876","164,020","56.02%","31.03%","22.11%",8.92,58.4,"37.05",38666,21.35
"236","第12案","臺北市","文山區","78,865","51,554","130,419","5,657","136,076","227,211","59.89%","34.71%","22.69%",12.02,60.47,"47.15",68586,13.32
"237","第12案","臺北市","南港區","33,203","23,931","57,134","2,300","59,434","101,907","58.32%","32.58%","23.48%",9.1,58.11,"39.45",26282,18.66
"238","第12案","臺北市","內湖區","79,459","54,312","133,771","4,990","138,761","236,824","58.59%","33.55%","22.93%",10.62,59.4,"41.02",61566,18.38
"239","第12案","臺北市","士林區","78,172","54,400","132,572","6,590","139,162","241,854","57.54%","32.32%","22.49%",9.83,58.97,"36.46",55954,22.51
"240","第12案","臺北市","北投區","68,267","47,236","115,503","5,336","120,839","213,250","56.67%","32.01%","22.15%",9.86,59.1,"39.08",52445,20.02
"241","第12案","高雄市","","857,170","491,490","1,348,660","58,799","1,407,459","2,353,342","59.81%","36.42%","20.88%",15.54,63.56,NA,NA,NA
"242","第12案","高雄市","鹽埕區","8,007","4,481","12,488","430","12,918","21,617","59.76%","37.04%","20.73%",16.31,64.12,"48.28",7633,15.84
"243","第12案","高雄市","鼓山區","42,789","24,371","67,160","2,404","69,564","114,979","60.5%","37.21%","21.20%",16.01,63.71,"57.04",45816,6.67
"244","第12案","高雄市","左營區","62,982","33,114","96,096","3,192","99,288","161,367","61.53%","39.03%","20.52%",18.51,65.54,"61.99",68255,3.55
"245","第12案","高雄市","楠梓區","55,883","31,845","87,728","3,809","91,537","153,132","59.78%","36.49%","20.80%",15.69,63.7,"56.58",59478,7.12
"246","第12案","高雄市","三民區","105,825","62,821","168,646","6,010","174,656","289,519","60.33%","36.55%","21.70%",14.85,62.75,"52.79",105406,9.96
"247","第12案","高雄市","新興區","16,846","9,906","26,752","1,008","27,760","44,355","62.59%","37.98%","22.33%",15.65,62.97,"53.34",16776,9.63
"248","第12案","高雄市","前金區","8,879","5,187","14,066","568","14,634","23,928","61.16%","37.11%","21.68%",15.43,63.12,"53.83",9120,9.29
"249","第12案","高雄市","苓雅區","56,526","31,867","88,393","3,280","91,673","146,786","62.45%","38.51%","21.71%",16.8,63.95,"54.60",57171,9.35
"250","第12案","高雄市","前鎮區","58,902","33,299","92,201","4,172","96,373","161,797","59.56%","36.4%","20.58%",15.82,63.88,"52.53",59572,11.35
"251","第12案","高雄市","旗津區","8,235","4,564","12,799","698","13,497","24,860","54.29%","33.13%","18.36%",14.77,64.34,"45.49",7993,18.85
"252","第12案","高雄市","小港區","47,424","28,577","76,001","3,188","79,189","132,733","59.66%","35.73%","21.53%",14.2,62.4,"51.70",47806,10.7
"253","第12案","高雄市","鳳山區","112,232","62,692","174,924","6,965","181,889","300,510","60.53%","37.35%","20.86%",16.49,64.16,"56.54",118466,7.62
"254","第12案","高雄市","林園區","19,699","12,191","31,890","1,675","33,565","59,129","56.77%","33.32%","20.62%",12.7,61.77,"47.40",20149,14.37
"255","第12案","高雄市","大寮區","34,853","19,237","54,090","2,508","56,598","97,309","58.16%","35.82%","19.77%",16.05,64.44,"52.17",35636,12.27
"256","第12案","高雄市","大樹區","12,360","7,416","19,776","1,194","20,970","36,772","57.03%","33.61%","20.17%",13.44,62.5,"48.33",12945,14.17
"257","第12案","高雄市","大社區","10,157","6,617","16,774","811","17,585","30,046","58.53%","33.8%","22.02%",11.78,60.55,"48.89",10378,11.66
"258","第12案","高雄市","仁武區","26,855","15,402","42,257","1,566","43,823","73,611","59.53%","36.48%","20.92%",15.56,63.55,"51.40",26659,12.15
"259","第12案","高雄市","鳥松區","14,437","8,605","23,042","1,027","24,069","39,191","61.41%","36.84%","21.96%",14.88,62.66,"52.23",14410,10.43
"260","第12案","高雄市","岡山區","31,396","17,088","48,484","2,081","50,565","81,244","62.24%","38.64%","21.03%",17.61,64.76,"54.93",32410,9.83000000000001
"261","第12案","高雄市","橋頭區","12,605","6,914","19,519","1,173","20,692","32,565","63.54%","38.71%","21.23%",17.48,64.58,"44.45",10888,20.13
"262","第12案","高雄市","燕巢區","8,895","5,268","14,163","924","15,087","26,012","58%","34.2%","20.25%",13.95,62.8,"50.88",9448,11.92
"263","第12案","高雄市","田寮區","1,881","1,163","3,044","265","3,309","6,671","49.6%","28.2%","17.43%",10.77,61.79,"43.58",2252,18.21
"264","第12案","高雄市","阿蓮區","7,823","5,018","12,841","656","13,497","24,534","55.01%","31.89%","20.45%",11.44,60.92,"47.12",8322,13.8
"265","第12案","高雄市","路竹區","15,241","9,468","24,709","1,503","26,212","43,850","59.78%","34.76%","21.59%",13.17,61.68,"52.43",16545,9.25
"266","第12案","高雄市","湖內區","8,678","5,207","13,885","732","14,617","25,729","56.81%","33.73%","20.24%",13.49,62.5,"49.67",9133,12.83
"267","第12案","高雄市","茄萣區","8,596","4,999","13,595","832","14,427","26,212","55.04%","32.79%","19.07%",13.72,63.23,"47.72",8662,15.51
"268","第12案","高雄市","永安區","4,384","2,848","7,232","408","7,640","12,001","63.66%","36.53%","23.73%",12.8,60.62,"49.62",4545,11
"269","第12案","高雄市","彌陀區","6,341","3,444","9,785","556","10,341","16,487","62.72%","38.46%","20.89%",17.57,64.8,"52.77",6756,12.03
"270","第12案","高雄市","梓官區","11,724","6,183","17,907","843","18,750","31,025","60.44%","37.79%","19.93%",17.86,65.47,"46.81",10509,18.66
"271","第12案","高雄市","旗山區","10,513","6,610","17,123","1,209","18,332","31,996","57.29%","32.86%","20.66%",12.2,61.4,"52.34",12379,9.06
"272","第12案","高雄市","美濃區","11,579","6,583","18,162","1,388","19,550","35,311","55.37%","32.79%","18.64%",14.15,63.75,"61.09",15478,2.66
"273","第12案","高雄市","六龜區","3,037","1,953","4,990","511","5,501","11,501","47.83%","26.41%","16.98%",9.43,60.86,"54.29",4084,6.57
"274","第12案","高雄市","甲仙區","1,563","957","2,520","207","2,727","5,417","50.34%","28.85%","17.67%",11.18,62.02,"60.17",2339,1.85
"275","第12案","高雄市","杉林區","2,899","1,789","4,688","364","5,052","10,607","47.63%","27.33%","16.87%",10.46,61.84,"56.45",4129,5.39
"276","第12案","高雄市","內門區","3,884","2,209","6,093","452","6,545","13,002","50.34%","29.87%","16.99%",12.88,63.75,"53.81",5446,9.94
"277","第12案","高雄市","茂林區","701","376","1,077","46","1,123","1,615","69.54%","43.41%","23.28%",20.13,65.09,"91.83",1281,-26.74
"278","第12案","高雄市","桃源區","1,448","715","2,163","62","2,225","3,498","63.61%","41.4%","20.44%",20.96,66.94,"88.51",2519,-21.57
"279","第12案","高雄市","那瑪夏區","1,091","506","1,597","82","1,679","2,424","69.27%","45.01%","20.87%",24.14,68.32,"85.08",1751,-16.76
"280","第12案","新北市","","1,070,300","712,548","1,782,848","92,282","1,875,130","3,375,513","55.55%","31.71%","21.11%",10.6,60.03,NA,NA,NA
"281","第12案","新北市","板橋區","153,500","98,590","252,090","12,520","264,610","463,411","57.1%","33.12%","21.27%",11.85,60.89,"53.97",154687,6.92
"282","第12案","新北市","三重區","101,972","72,085","174,057","10,832","184,889","329,846","56.05%","30.92%","21.85%",9.07,58.59,"49.78",99925,8.81
"283","第12案","新北市","中和區","117,533","72,733","190,266","8,702","198,968","355,978","55.89%","33.02%","20.43%",12.59,61.77,"63.31",139022,-1.54
"284","第12案","新北市","永和區","65,391","41,209","106,600","4,783","111,383","187,798","59.31%","34.82%","21.94%",12.88,61.34,"67.46",79362,-6.11999999999999
"285","第12案","新北市","新莊區","111,089","76,839","187,928","9,684","197,612","344,981","57.28%","32.2%","22.27%",9.93,59.11,"51.72",108240,7.39
"286","第12案","新北市","新店區","88,798","54,809","143,607","6,412","150,019","264,053","56.81%","33.63%","20.76%",12.87,61.83,"68.73",109759,-6.90000000000001
"287","第12案","新北市","樹林區","47,189","32,946","80,135","4,367","84,502","152,102","55.56%","31.02%","21.66%",9.36,58.89,"54.13",49090,4.76
"288","第12案","新北市","鶯歌區","21,315","14,996","36,311","1,824","38,135","71,645","53.23%","29.75%","20.93%",8.82,58.7,"53.49",23419,5.21
"289","第12案","新北市","三峽區","28,622","18,860","47,482","2,425","49,907","94,291","52.93%","30.35%","20.00%",10.35,60.28,"57.36",31822,2.92
"290","第12案","新北市","淡水區","44,720","29,981","74,701","3,366","78,067","147,272","53.01%","30.37%","20.36%",10.01,59.87,"60.33",51336,-0.460000000000001
"291","第12案","新北市","汐止區","52,092","35,719","87,811","4,490","92,301","173,831","53.1%","29.97%","20.55%",9.42,59.32,"61.28",61139,-1.96
"292","第12案","新北市","瑞芳區","9,374","6,355","15,729","1,230","16,959","35,036","48.4%","26.76%","18.14%",8.62,59.6,"62.49",13393,-2.89
"293","第12案","新北市","土城區","62,655","42,571","105,226","5,597","110,823","200,783","55.2%","31.21%","21.20%",10.01,59.54,"56.15",66487,3.39
"294","第12案","新北市","蘆洲區","49,602","35,657","85,259","4,595","89,854","167,457","53.66%","29.62%","21.29%",8.33,58.18,"49.44",47271,8.74
"295","第12案","新北市","五股區","22,210","14,665","36,875","2,067","38,942","72,443","53.76%","30.66%","20.24%",10.42,60.23,"52.23",22276,8
"296","第12案","新北市","泰山區","20,423","13,613","34,036","1,602","35,638","64,252","55.47%","31.79%","21.19%",10.6,60,"54.23",20885,5.77
"297","第12案","新北市","林口區","27,446","18,805","46,251","2,146","48,397","86,203","56.14%","31.84%","21.81%",10.03,59.34,"59.08",30150,0.260000000000005
"298","第12案","新北市","深坑區","6,399","4,483","10,882","607","11,489","20,624","55.71%","31.03%","21.74%",9.29,58.8,"59.97",7720,-1.17
"299","第12案","新北市","石碇區","1,895","1,359","3,254","273","3,527","6,861","51.41%","27.62%","19.81%",7.81,58.24,"47.73",2272,10.51
"300","第12案","新北市","坪林區","1,714","1,089","2,803","230","3,033","5,891","51.49%","29.1%","18.49%",10.61,61.15,"44.54",1811,16.61
"301","第12案","新北市","三芝區","5,384","3,787","9,171","653","9,824","20,119","48.83%","26.76%","18.82%",7.94,58.71,"59.40",7191,-0.689999999999998
"302","第12案","新北市","石門區","2,955","2,092","5,047","420","5,467","10,528","51.93%","28.07%","19.87%",8.2,58.55,"58.70",4162,-0.150000000000006
"303","第12案","新北市","八里區","9,599","6,978","16,577","952","17,529","32,970","53.17%","29.11%","21.16%",7.95,57.91,"54.00",10545,3.91
"304","第12案","新北市","平溪區","1,218","703","1,921","197","2,118","4,321","49.02%","28.19%","16.27%",11.92,63.4,"53.28",1616,10.12
"305","第12案","新北市","雙溪區","2,122","1,476","3,598","311","3,909","7,999","48.87%","26.53%","18.45%",8.08,58.98,"55.82",3062,3.16
"306","第12案","新北市","貢寮區","2,649","1,939","4,588","452","5,040","11,279","44.68%","23.49%","17.19%",6.3,57.74,"45.79",3123,11.95
"307","第12案","新北市","金山區","5,228","3,653","8,881","753","9,634","18,978","50.76%","27.55%","19.25%",8.3,58.87,"53.89",6246,4.98
"308","第12案","新北市","萬里區","5,433","3,538","8,971","694","9,665","19,297","50.09%","28.15%","18.33%",9.82,60.56,"57.05",6547,3.51000000000001
"309","第12案","新北市","烏來區","1,773","1,018","2,791","98","2,889","5,264","54.88%","33.68%","19.34%",14.34,63.53,"64.77",2572,-1.23999999999999
"310","第12案","臺中市","","777,273","490,959","1,268,232","68,562","1,336,794","2,295,642","58.23%","33.86%","21.39%",12.47,61.29,NA,NA,NA
"311","第12案","臺中市","中區","4,828","3,021","7,849","483","8,332","14,696","56.7%","32.85%","20.56%",12.29,61.51,"53.29",4859,8.22
"312","第12案","臺中市","東區","22,105","14,057","36,162","1,954","38,116","64,291","59.29%","34.38%","21.86%",12.52,61.13,"53.03",22055,8.1
"313","第12案","臺中市","南區","37,710","23,028","60,738","3,118","63,856","103,643","61.61%","36.38%","22.22%",14.16,62.09,"56.24",37250,5.85
"314","第12案","臺中市","西區","32,508","20,953","53,461","2,515","55,976","95,040","58.9%","34.2%","22.05%",12.15,60.81,"56.11",33534,4.7
"315","第12案","臺中市","北區","41,580","26,168","67,748","3,069","70,817","124,621","56.83%","33.37%","21.00%",12.37,61.37,"59.67",45769,1.7
"316","第12案","臺中市","西屯區","62,843","39,525","102,368","4,617","106,985","183,814","58.2%","34.19%","21.50%",12.69,61.39,"60.30",67437,1.09
"317","第12案","臺中市","南屯區","48,668","29,856","78,524","3,659","82,183","135,448","60.67%","35.93%","22.04%",13.89,61.98,"58.19",49134,3.79
"318","第12案","臺中市","北屯區","77,474","47,717","125,191","5,818","131,009","227,720","57.53%","34.02%","20.95%",13.07,61.88,"60.67",84485,1.21
"319","第12案","臺中市","豐原區","47,705","30,372","78,077","4,368","82,445","136,658","60.33%","34.91%","22.22%",12.69,61.1,"51.64",46436,9.46
"320","第12案","臺中市","東勢區","15,459","8,291","23,750","1,700","25,450","43,181","58.94%","35.8%","19.20%",16.6,65.09,"62.23",18216,2.86000000000001
"321","第12案","臺中市","大甲區","21,418","13,192","34,610","2,050","36,660","63,069","58.13%","33.96%","20.92%",13.04,61.88,"54.71",22958,7.17
"322","第12案","臺中市","清水區","23,845","15,541","39,386","2,684","42,070","71,528","58.82%","33.34%","21.73%",11.61,60.54,"52.13",25523,8.41
"323","第12案","臺中市","沙鹿區","24,395","15,729","40,124","2,327","42,451","74,207","57.21%","32.87%","21.20%",11.67,60.8,"55.63",26784,5.16999999999999
"324","第12案","臺中市","梧棲區","14,659","10,642","25,301","1,655","26,956","47,040","57.3%","31.16%","22.62%",8.54,57.94,"51.14",15729,6.8
"325","第12案","臺中市","后里區","14,278","10,266","24,544","1,693","26,237","44,962","58.35%","31.76%","22.83%",8.93,58.17,"57.18",17677,0.990000000000002
"326","第12案","臺中市","神岡區","18,494","12,285","30,779","1,839","32,618","54,565","59.78%","33.89%","22.51%",11.38,60.09,"49.19",17928,10.9
"327","第12案","臺中市","潭子區","30,585","18,753","49,338","2,484","51,822","89,487","57.91%","34.18%","20.96%",13.22,61.99,"55.68",31938,6.31
"328","第12案","臺中市","大雅區","25,855","16,532","42,387","2,133","44,520","77,189","57.68%","33.5%","21.42%",12.08,61,"57.04",27797,3.96
"329","第12案","臺中市","新社區","6,763","3,969","10,732","668","11,400","20,860","54.65%","32.42%","19.03%",13.39,63.02,"58.51",8767,4.51000000000001
"330","第12案","臺中市","石岡區","4,303","2,820","7,123","535","7,658","12,880","59.46%","33.41%","21.89%",11.52,60.41,"59.43",5393,0.979999999999997
"331","第12案","臺中市","外埔區","9,162","5,824","14,986","939","15,925","27,059","58.85%","33.86%","21.52%",12.34,61.14,"60.07",11040,1.07
"332","第12案","臺中市","大安區","5,373","3,626","8,999","770","9,769","16,520","59.13%","32.52%","21.95%",10.57,59.71,"56.62",6732,3.09
"333","第12案","臺中市","烏日區","20,786","13,436","34,222","2,079","36,301","61,705","58.83%","33.69%","21.77%",11.92,60.74,"56.91",22951,3.83000000000001
"334","第12案","臺中市","大肚區","15,756","10,368","26,124","1,642","27,766","47,457","58.51%","33.2%","21.85%",11.35,60.31,"56.10",17821,4.21
"335","第12案","臺中市","龍井區","20,803","13,219","34,022","2,017","36,039","63,584","56.68%","32.72%","20.79%",11.93,61.15,"55.00",22757,6.15
"336","第12案","臺中市","霧峰區","19,150","12,175","31,325","2,203","33,528","55,225","60.71%","34.68%","22.05%",12.63,61.13,"55.83",20936,5.3
"337","第12案","臺中市","太平區","50,405","31,955","82,360","4,450","86,810","157,926","54.97%","31.92%","20.23%",11.69,61.2,"56.62",53613,4.58000000000001
"338","第12案","臺中市","大里區","56,856","35,523","92,379","4,759","97,138","171,769","56.55%","33.1%","20.68%",12.42,61.55,"54.63",57527,6.91999999999999
"339","第12案","臺中市","和平區","3,507","2,116","5,623","334","5,957","9,498","62.72%","36.92%","22.28%",14.64,62.37,"70.15",4950,-7.78000000000001
"340","第12案","臺南市","","494,543","297,390","791,933","40,579","832,512","1,594,821","52.2%","31.01%","18.65%",12.36,62.45,NA,NA,NA
"341","第12案","臺南市","新營區","19,145","12,148","31,293","1,479","32,772","64,949","50.46%","29.48%","18.70%",10.78,61.18,"36.98",14120,24.2
"342","第12案","臺南市","鹽水區","6,222","3,916","10,138","690","10,828","22,121","48.95%","28.13%","17.70%",10.43,61.37,"27.89",3981,33.48
"343","第12案","臺南市","白河區","6,314","4,007","10,321","787","11,108","24,894","44.62%","25.36%","16.10%",9.26,61.18,"30.71",4715,30.47
"344","第12案","臺南市","柳營區","5,488","3,282","8,770","728","9,498","18,804","50.51%","29.19%","17.45%",11.74,62.58,"29.72",3630,32.86
"345","第12案","臺南市","後壁區","5,708","3,399","9,107","809","9,916","20,841","47.58%","27.39%","16.31%",11.08,62.68,"28.53",3940,34.15
"346","第12案","臺南市","東山區","4,205","2,542","6,747","551","7,298","18,471","39.51%","22.77%","13.76%",9.01,62.32,"33.97",3742,28.35
"347","第12案","臺南市","麻豆區","10,865","7,111","17,976","1,072","19,048","37,963","50.18%","28.62%","18.73%",9.89,60.44,"23.34",5630,37.1
"348","第12案","臺南市","下營區","5,843","3,463","9,306","801","10,107","20,947","48.25%","27.89%","16.53%",11.36,62.79,"29.21",3767,33.58
"349","第12案","臺南市","六甲區","4,985","3,615","8,600","810","9,410","19,144","49.15%","26.04%","18.88%",7.16,57.97,"26.55",3260,31.42
"350","第12案","臺南市","官田區","5,317","3,399","8,716","619","9,335","18,675","49.99%","28.47%","18.20%",10.27,61,"25.56",3107,35.44
"351","第12案","臺南市","大內區","2,472","1,449","3,921","353","4,274","8,654","49.39%","28.56%","16.74%",11.82,63.05,"29.07",1687,33.98
"352","第12案","臺南市","佳里區","15,891","9,346","25,237","1,497","26,734","50,407","53.04%","31.53%","18.54%",12.99,62.97,"29.10",9178,33.87
"353","第12案","臺南市","學甲區","6,362","3,995","10,357","565","10,922","22,567","48.4%","28.19%","17.70%",10.49,61.43,"27.92",3860,33.51
"354","第12案","臺南市","西港區","5,967","3,791","9,758","590","10,348","21,564","47.99%","27.67%","17.58%",10.09,61.15,"26.05",3593,35.1
"355","第12案","臺南市","七股區","6,034","3,102","9,136","529","9,665","19,950","48.45%","30.25%","15.55%",14.7,66.05,"24.88",3251,41.17
"356","第12案","臺南市","將軍區","5,090","2,608","7,698","715","8,413","17,754","47.39%","28.67%","14.69%",13.98,66.12,"26.12",3109,40
"357","第12案","臺南市","北門區","2,592","1,437","4,029","229","4,258","9,925","42.9%","26.12%","14.48%",11.64,64.33,"29.02",1877,35.31
"358","第12案","臺南市","新化區","11,884","7,090","18,974","1,304","20,278","37,296","54.37%","31.86%","19.01%",12.85,62.63,"31.89",7591,30.74
"359","第12案","臺南市","善化區","12,284","7,483","19,767","1,089","20,856","39,950","52.21%","30.75%","18.73%",12.02,62.14,"29.02",6948,33.12
"360","第12案","臺南市","新市區","9,683","6,045","15,728","761","16,489","30,386","54.27%","31.87%","19.89%",11.98,61.57,"26.81",5034,34.76
"361","第12案","臺南市","安定區","8,558","4,965","13,523","769","14,292","26,104","54.75%","32.78%","19.02%",13.76,63.28,"28.67",4752,34.61
"362","第12案","臺南市","山上區","1,677","1,053","2,730","217","2,947","6,511","45.26%","25.76%","16.17%",9.59,61.43,"30.57",1244,30.86
"363","第12案","臺南市","玉井區","3,583","2,062","5,645","516","6,161","12,357","49.86%","29%","16.69%",12.31,63.47,"42.17",3442,21.3
"364","第12案","臺南市","楠西區","2,258","1,348","3,606","313","3,919","8,528","45.95%","26.48%","15.81%",10.67,62.62,"48.56",2687,14.06
"365","第12案","臺南市","南化區","2,076","1,360","3,436","311","3,747","7,786","48.12%","26.66%","17.47%",9.19,60.42,"41.26",2229,19.16
"366","第12案","臺南市","左鎮區","1,294","651","1,945","128","2,073","4,418","46.92%","29.29%","14.74%",14.55,66.53,"31.83",939,34.7
"367","第12案","臺南市","仁德區","21,284","12,041","33,325","1,669","34,994","64,632","54.14%","32.93%","18.63%",14.3,63.87,"31.88",12883,31.99
"368","第12案","臺南市","歸仁區","18,463","11,144","29,607","1,391","30,998","57,387","54.02%","32.17%","19.42%",12.75,62.36,"25.95",9264,36.41
"369","第12案","臺南市","關廟區","9,556","5,839","15,395","908","16,303","29,913","54.5%","31.95%","19.52%",12.43,62.07,"25.76",5323,36.31
"370","第12案","臺南市","龍崎區","1,106","639","1,745","116","1,861","3,713","50.12%","29.79%","17.21%",12.58,63.38,"24.28",676,39.1
"371","第12案","臺南市","永康區","61,149","37,817","98,966","3,575","102,541","195,001","52.58%","31.36%","19.39%",11.97,61.79,"34.81",38892,26.98
"372","第12案","臺南市","東區","51,215","30,051","81,266","3,271","84,537","153,359","55.12%","33.4%","19.60%",13.8,63.02,"40.61",36041,22.41
"373","第12案","臺南市","南區","34,717","19,769","54,486","2,355","56,841","108,650","52.32%","31.95%","18.20%",13.75,63.72,"33.02",21036,30.7
"374","第12案","臺南市","北區","36,584","21,480","58,064","2,423","60,487","110,906","54.54%","32.99%","19.37%",13.62,63.01,"37.52",24690,25.49
"375","第12案","臺南市","安南區","49,901","30,383","80,284","4,050","84,334","159,654","52.82%","31.26%","19.03%",12.23,62.16,"29.13",27865,33.03
"376","第12案","臺南市","安平區","17,056","10,422","27,478","906","28,384","55,379","51.25%","30.8%","18.82%",11.98,62.07,"36.84",11056,25.23
"377","第12案","臺南市","中西區","21,715","13,138","34,853","1,683","36,536","65,261","55.98%","33.27%","20.13%",13.14,62.3,"34.98",13835,27.32
"378","第12案","桃園市","","540,236","352,795","893,031","40,531","933,562","1,801,823","51.81%","29.98%","19.58%",10.4,60.49,NA,NA,NA
"379","第12案","桃園市","桃園區","104,081","71,688","175,769","7,425","183,194","359,790","50.92%","28.93%","19.92%",9.01,59.21,"37.98",73799,21.23
"380","第12案","桃園市","中壢區","104,348","65,472","169,820","7,067","176,887","334,402","52.9%","31.2%","19.58%",11.62,61.45,"45.69",88154,15.76
"381","第12案","桃園市","大溪區","23,559","15,578","39,137","2,367","41,504","78,285","53.02%","30.09%","19.90%",10.19,60.2,"34.10",16271,26.1
"382","第12案","桃園市","楊梅區","41,994","25,313","67,307","2,989","70,296","137,917","50.97%","30.45%","18.35%",12.1,62.39,"41.85",32538,20.54
"383","第12案","桃園市","蘆竹區","38,396","25,321","63,717","2,654","66,371","129,252","51.35%","29.71%","19.59%",10.12,60.26,"33.50",24164,26.76
"384","第12案","桃園市","大園區","20,740","14,918","35,658","1,561","37,219","73,900","50.36%","28.06%","20.19%",7.87,58.16,"30.80",13865,27.36
"385","第12案","桃園市","龜山區","36,552","25,742","62,294","2,890","65,184","131,702","49.49%","27.75%","19.55%",8.2,58.68,"36.96",26791,21.72
"386","第12案","桃園市","八德區","47,532","31,746","79,278","4,186","83,464","165,065","50.56%","28.8%","19.23%",9.57,59.96,"38.61",36314,21.35
"387","第12案","桃園市","龍潭區","33,953","18,573","52,526","2,211","54,737","101,574","53.89%","33.43%","18.29%",15.14,64.64,"45.77",27385,18.87
"388","第12案","桃園市","平鎮區","57,526","36,277","93,803","4,065","97,868","183,560","53.32%","31.34%","19.76%",11.58,61.33,"42.62",45697,18.71
"389","第12案","桃園市","新屋區","12,741","9,152","21,893","1,322","23,215","41,461","55.99%","30.73%","22.07%",8.66,58.2,"31.94",9164,26.26
"390","第12案","桃園市","觀音區","15,302","11,210","26,512","1,509","28,021","55,149","50.81%","27.75%","20.33%",7.42,57.72,"29.80",10126,27.92
"391","第12案","桃園市","復興區","3,512","1,805","5,317","285","5,602","9,766","57.36%","35.96%","18.48%",17.48,66.05,"42.35",2966,23.7
