"","案件","縣市","地區","同意票數","不同意票數","有效票數","無效票數","投票數","投票權人數","投票率...","有效同意票數對投票權人數百分比...","有效不同意票數對投票權人數百分比...","有效同意與不同意票數對投票權人數百分比...差值","不同意票數對票數比率","縣市首長得票率","縣市首長得票數","公投不同意率對縣市首長得票率差距"
"1","第13案","全國","","4,763,086","5,774,556","10,537,642","505,153","11,042,795","19,757,067","55.89%","24.11%","29.23%",-5.12,0.548,NA,NA,NA
"2","第13案","連江縣","","1,176","4,390","5,566","190","5,756","11,205","51.37%","10.5%","39.18%",-28.68,0.7887,NA,NA,NA
"3","第13案","連江縣","南竿鄉","658","2,524","3,182","106","3,288","6,461","50.89%","10.18%","39.07%",-28.89,0.7932,0.6212,2594,0.172
"4","第13案","連江縣","北竿鄉","215","853","1,068","38","1,106","2,125","52.05%","10.12%","40.14%",-30.02,0.7987,0.7738,1139,0.0249
"5","第13案","連江縣","莒光鄉","181","582","763","25","788","1,481","53.21%","12.22%","39.30%",-27.08,0.7628,0.6716,732,0.0912000000000001
"6","第13案","連江縣","東引鄉","122","431","553","21","574","1,138","50.44%","10.72%","37.87%",-27.15,0.7794,0.591,396,0.1884
"7","第13案","金門縣","","9,644","32,014","41,658","2,263","43,921","122,695","35.8%","7.86%","26.09%",-18.23,0.7685,NA,NA,NA
"8","第13案","金門縣","金城鎮","2,880","9,719","12,599","642","13,241","37,815","35.02%","7.62%","25.70%",-18.08,0.7714,0.5428,8137,0.2286
"9","第13案","金門縣","金沙鎮","1,336","4,889","6,225","348","6,573","18,560","35.41%","7.2%","26.34%",-19.14,0.7854,0.3856,2974,0.3998
"10","第13案","金門縣","金湖鎮","2,089","6,851","8,940","575","9,515","25,915","36.72%","8.06%","26.44%",-18.38,0.7663,0.3907,4204,0.3756
"11","第13案","金門縣","金寧鄉","2,506","7,185","9,691","483","10,174","28,162","36.13%","8.9%","25.51%",-16.61,0.7414,0.5492,5989,0.1922
"12","第13案","金門縣","烈嶼鄉","790","3,255","4,045","207","4,252","11,676","36.42%","6.77%","27.88%",-21.11,0.8047,0.4628,2154,0.3419
"13","第13案","金門縣","烏坵鄉","43","115","158","8","166","567","29.28%","7.58%","20.28%",-12.7,0.7278,0.2967,62,0.4311
"14","第13案","宜蘭縣","","102,924","101,242","204,166","11,719","215,885","386,089","55.92%","26.66%","26.22%",0.44,0.4959,NA,NA,NA
"15","第13案","宜蘭縣","宜蘭市","20,491","22,551","43,042","2,110","45,152","79,167","57.03%","25.88%","28.49%",-2.61,0.5239,0.4845,23891,0.0394
"16","第13案","宜蘭縣","羅東鎮","15,860","15,867","31,727","1,586","33,313","57,686","57.75%","27.49%","27.51%",-0.02,0.5001,0.5271,18457,-0.027
"17","第13案","宜蘭縣","蘇澳鎮","9,632","8,737","18,369","1,205","19,574","34,512","56.72%","27.91%","25.32%",2.59,0.4756,0.4944,11341,-0.0187999999999999
"18","第13案","宜蘭縣","頭城鎮","6,302","6,628","12,930","933","13,863","25,135","55.15%","25.07%","26.37%",-1.3,0.5126,0.549,9405,-0.0364
"19","第13案","宜蘭縣","礁溪鄉","8,420","7,666","16,086","880","16,966","31,084","54.58%","27.09%","24.66%",2.43,0.4766,0.4591,9698,0.0175000000000001
"20","第13案","宜蘭縣","壯圍鄉","6,448","5,286","11,734","804","12,538","21,447","58.46%","30.06%","24.65%",5.41,0.4505,0.4566,6978,-0.00609999999999994
"21","第13案","宜蘭縣","員山鄉","7,425","6,801","14,226","1,088","15,314","28,131","54.44%","26.39%","24.18%",2.21,0.4781,0.4278,7844,0.0503
"22","第13案","宜蘭縣","冬山鄉","12,475","11,161","23,636","1,144","24,780","45,405","54.58%","27.47%","24.58%",2.89,0.4722,0.4583,13141,0.0139
"23","第13案","宜蘭縣","五結鄉","9,229","8,750","17,979","944","18,923","34,892","54.23%","26.45%","25.08%",1.37,0.4867,0.4707,10354,0.016
"24","第13案","宜蘭縣","三星鄉","5,141","4,384","9,525","602","10,127","19,051","53.16%","26.99%","23.01%",3.98,0.4603,0.4748,6053,-0.0145
"25","第13案","宜蘭縣","大同鄉","829","1,487","2,316","244","2,560","4,935","51.87%","16.8%","30.13%",-13.33,0.6421,0.8602,3360,-0.2181
"26","第13案","宜蘭縣","南澳鄉","672","1,924","2,596","179","2,775","4,644","59.75%","14.47%","41.43%",-26.96,0.7411,0.8873,3245,-0.1462
"27","第13案","新竹縣","","89,171","151,859","241,030","11,356","252,386","445,051","56.71%","20.04%","34.12%",-14.08,0.63,NA,NA,NA
"28","第13案","新竹縣","竹北市","30,388","46,425","76,813","3,079","79,892","137,129","58.26%","22.16%","33.85%",-11.69,0.6044,0.335,27664,0.2694
"29","第13案","新竹縣","竹東鎮","13,976","26,778","40,754","1,936","42,690","78,794","54.18%","17.74%","33.98%",-16.24,0.6571,0.4205,19629,0.2366
"30","第13案","新竹縣","新埔鎮","5,618","9,947","15,565","787","16,352","28,894","56.59%","19.44%","34.43%",-14.99,0.6391,0.3599,6982,0.2792
"31","第13案","新竹縣","關西鎮","4,766","8,586","13,352","735","14,087","24,712","57%","19.29%","34.74%",-15.45,0.643,0.357,6017,0.286
"32","第13案","新竹縣","湖口鄉","12,177","22,044","34,221","1,607","35,828","63,511","56.41%","19.17%","34.71%",-15.54,0.6442,0.3987,15866,0.2455
"33","第13案","新竹縣","新豐鄉","9,188","15,404","24,592","1,173","25,765","45,790","56.27%","20.07%","33.64%",-13.57,0.6264,0.3397,9826,0.2867
"34","第13案","新竹縣","芎林鄉","3,394","6,271","9,665","538","10,203","17,293","59%","19.63%","36.26%",-16.63,0.6488,0.4007,4876,0.2481
"35","第13案","新竹縣","橫山鄉","2,181","4,120","6,301","427","6,728","11,346","59.3%","19.22%","36.31%",-17.09,0.6539,0.4423,3624,0.2116
"36","第13案","新竹縣","北埔鄉","1,630","2,800","4,430","241","4,671","8,180","57.1%","19.93%","34.23%",-14.3,0.6321,0.4627,2769,0.1694
"37","第13案","新竹縣","寶山鄉","2,789","4,489","7,278","371","7,649","12,973","58.96%","21.5%","34.60%",-13.1,0.6168,0.4593,4172,0.1575
"38","第13案","新竹縣","峨眉鄉","1,108","1,764","2,872","207","3,079","5,068","60.75%","21.86%","34.81%",-12.95,0.6142,0.5352,2218,0.079
"39","第13案","新竹縣","尖石鄉","1,322","2,023","3,345","171","3,516","7,364","47.75%","17.95%","27.47%",-9.52,0.6048,0.5139,2836,0.0909
"40","第13案","新竹縣","五峰鄉","634","1,208","1,842","84","1,926","3,997","48.19%","15.86%","30.22%",-14.36,0.6558,0.4533,1398,0.2025
"41","第13案","苗栗縣","","97,041","152,791","249,832","13,709","263,541","461,580","57.1%","21.02%","33.10%",-12.08,0.6116,NA,NA,NA
"42","第13案","苗栗縣","苗栗市","13,675","27,546","41,221","1,839","43,060","74,249","57.99%","18.42%","37.10%",-18.68,0.6683,0.6127,28376,0.0556
"43","第13案","苗栗縣","苑裡鎮","10,084","11,096","21,180","1,352","22,532","38,890","57.94%","25.93%","28.53%",-2.6,0.5239,0.5492,14322,-0.0253
"44","第13案","苗栗縣","通霄鎮","6,886","8,240","15,126","1,096","16,222","29,709","54.6%","23.18%","27.74%",-4.56,0.5448,0.4322,8970,0.1126
"45","第13案","苗栗縣","竹南鎮","15,174","21,684","36,858","1,759","38,617","68,528","56.35%","22.14%","31.64%",-9.5,0.5883,0.5416,22785,0.0467000000000001
"46","第13案","苗栗縣","頭份市","16,346","29,011","45,357","2,129","47,486","83,617","56.79%","19.55%","34.70%",-15.15,0.6396,0.6189,32143,0.0206999999999999
"47","第13案","苗栗縣","後龍鎮","7,316","8,765","16,081","1,096","17,177","30,948","55.5%","23.64%","28.32%",-4.68,0.5451,0.4467,9556,0.0984
"48","第13案","苗栗縣","卓蘭鎮","3,658","4,765","8,423","383","8,806","14,772","59.61%","24.76%","32.26%",-7.5,0.5657,0.6194,6717,-0.0537
"49","第13案","苗栗縣","大湖鄉","2,284","4,100","6,384","402","6,786","12,653","53.63%","18.05%","32.40%",-14.35,0.6422,0.6184,5382,0.0237999999999999
"50","第13案","苗栗縣","公館鄉","5,861","9,817","15,678","994","16,672","28,318","58.87%","20.7%","34.67%",-13.97,0.6262,0.614,11545,0.0122
"51","第13案","苗栗縣","銅鑼鄉","2,919","5,279","8,198","467","8,665","15,424","56.18%","18.93%","34.23%",-15.3,0.6439,0.5922,6331,0.0517000000000001
"52","第13案","苗栗縣","南庄鄉","1,507","2,539","4,046","305","4,351","8,784","49.53%","17.16%","28.90%",-11.74,0.6275,0.6642,4014,-0.0367000000000001
"53","第13案","苗栗縣","頭屋鄉","2,284","3,557","5,841","288","6,129","9,390","65.27%","24.32%","37.88%",-13.56,0.609,0.6546,4863,-0.0456
"54","第13案","苗栗縣","三義鄉","2,653","5,168","7,821","354","8,175","13,889","58.86%","19.1%","37.21%",-18.11,0.6608,0.5908,5845,0.0700000000000001
"55","第13案","苗栗縣","西湖鄉","1,213","2,121","3,334","218","3,552","6,382","55.66%","19.01%","33.23%",-14.22,0.6362,0.601,2817,0.0352
"56","第13案","苗栗縣","造橋鄉","2,281","3,679","5,960","467","6,427","11,027","58.28%","20.69%","33.36%",-12.67,0.6173,0.6051,4444,0.0122
"57","第13案","苗栗縣","三灣鄉","1,147","2,026","3,173","220","3,393","5,852","57.98%","19.6%","34.62%",-15.02,0.6385,0.6726,2767,-0.0341000000000001
"58","第13案","苗栗縣","獅潭鄉","675","1,240","1,915","138","2,053","3,968","51.74%","17.01%","31.25%",-14.24,0.6475,0.6992,2050,-0.0517000000000001
"59","第13案","苗栗縣","泰安鄉","1,078","2,158","3,236","202","3,438","5,180","66.37%","20.81%","41.66%",-20.85,0.6669,0.6521,2829,0.0148000000000001
"60","第13案","彰化縣","","263,529","320,975","584,504","32,937","617,441","1,066,994","57.87%","24.7%","30.08%",-5.38,0.5491,NA,NA,NA
"61","第13案","彰化縣","彰化市","49,902","60,848","110,750","5,319","116,069","190,995","60.77%","26.13%","31.86%",-5.73,0.5494,0.5312,65874,0.0182
"62","第13案","彰化縣","鹿港鎮","18,762","20,351","39,113","2,215","41,328","70,505","58.62%","26.61%","28.86%",-2.25,0.5203,0.578,27397,-0.0577
"63","第13案","彰化縣","和美鎮","17,982","23,021","41,003","2,066","43,069","75,286","57.21%","23.88%","30.58%",-6.7,0.5614,0.5904,29004,-0.029
"64","第13案","彰化縣","線西鄉","3,468","4,493","7,961","497","8,458","14,065","60.14%","24.66%","31.94%",-7.28,0.5644,0.6682,6615,-0.1038
"65","第13案","彰化縣","伸港鄉","7,149","9,123","16,272","1,026","17,298","30,407","56.89%","23.51%","30.00%",-6.49,0.5607,0.623,12781,-0.0623
"66","第13案","彰化縣","福興鄉","10,101","10,335","20,436","1,342","21,778","39,745","54.79%","25.41%","26.00%",-0.59,0.5057,0.5765,15125,-0.0708
"67","第13案","彰化縣","秀水鄉","8,386","10,036","18,422","965","19,387","32,394","59.85%","25.89%","30.98%",-5.09,0.5448,0.589,13132,-0.0442
"68","第13案","彰化縣","花壇鄉","9,653","12,116","21,769","1,418","23,187","38,924","59.57%","24.8%","31.13%",-6.33,0.5566,0.5534,14443,0.00319999999999998
"69","第13案","彰化縣","芬園鄉","4,761","5,964","10,725","775","11,500","20,408","56.35%","23.33%","29.22%",-5.89,0.5561,0.4737,6594,0.0824000000000001
"70","第13案","彰化縣","員林市","24,024","31,703","55,727","2,545","58,272","102,028","57.11%","23.55%","31.07%",-7.52,0.5689,0.4995,31949,0.0693999999999999
"71","第13案","彰化縣","溪湖鎮","10,763","14,344","25,107","1,310","26,417","45,147","58.51%","23.84%","31.77%",-7.93,0.5713,0.5367,16431,0.0346
"72","第13案","彰化縣","田中鎮","8,539","10,801","19,340","1,180","20,520","35,391","57.98%","24.13%","30.52%",-6.39,0.5585,0.4906,11340,0.0679
"73","第13案","彰化縣","大村鄉","7,869","9,844","17,713","978","18,691","31,492","59.35%","24.99%","31.26%",-6.27,0.5558,0.5073,10826,0.0485
"74","第13案","彰化縣","埔鹽鄉","6,447","9,403","15,850","1,014","16,864","28,026","60.17%","23%","33.55%",-10.55,0.5932,0.6082,12415,-0.015
"75","第13案","彰化縣","埔心鄉","7,892","9,368","17,260","1,150","18,410","29,642","62.11%","26.62%","31.60%",-4.98,0.5428,0.4738,9694,0.069
"76","第13案","彰化縣","永靖鄉","8,051","9,655","17,706","967","18,673","31,239","59.77%","25.77%","30.91%",-5.14,0.5453,0.4677,10057,0.0776
"77","第13案","彰化縣","社頭鄉","9,417","10,689","20,106","1,046","21,152","36,306","58.26%","25.94%","29.44%",-3.5,0.5316,0.4804,11703,0.0512
"78","第13案","彰化縣","二水鄉","3,741","3,952","7,693","480","8,173","13,339","61.27%","28.05%","29.63%",-1.58,0.5137,0.4579,4452,0.0558000000000001
"79","第13案","彰化縣","北斗鎮","6,964","8,461","15,425","870","16,295","27,593","59.05%","25.24%","30.66%",-5.42,0.5485,0.4947,9082,0.0538
"80","第13案","彰化縣","二林鎮","9,219","12,239","21,458","1,387","22,845","42,976","53.16%","21.45%","28.48%",-7.03,0.5704,0.5442,15652,0.0262
"81","第13案","彰化縣","田尾鄉","5,934","7,252","13,186","703","13,889","23,179","59.92%","25.6%","31.29%",-5.69,0.55,0.4986,7946,0.0514000000000001
"82","第13案","彰化縣","埤頭鄉","5,962","7,295","13,257","903","14,160","25,677","55.15%","23.22%","28.41%",-5.19,0.5503,0.5067,8548,0.0436
"83","第13案","彰化縣","芳苑鄉","6,731","6,926","13,657","1,081","14,738","29,291","50.32%","22.98%","23.65%",-0.67,0.5071,0.4778,9404,0.0293
"84","第13案","彰化縣","大城鄉","2,427","2,958","5,385","407","5,792","14,713","39.37%","16.5%","20.10%",-3.6,0.5493,0.5078,4708,0.0415
"85","第13案","彰化縣","竹塘鄉","3,075","3,532","6,607","465","7,072","12,821","55.16%","23.98%","27.55%",-3.57,0.5346,0.4623,4333,0.0723
"86","第13案","彰化縣","溪州鄉","6,310","6,266","12,576","828","13,404","25,405","52.76%","24.84%","24.66%",0.18,0.4983,0.4828,8290,0.0155
"87","第13案","南投縣","","98,462","138,563","237,025","12,379","249,404","427,089","58.4%","23.05%","32.44%",-9.39,0.5846,NA,NA,NA
"88","第13案","南投縣","南投市","20,281","28,852","49,133","2,236","51,369","84,328","60.92%","24.05%","34.21%",-10.16,0.5872,0.6802,39008,-0.0929999999999999
"89","第13案","南投縣","埔里鎮","14,608","23,503","38,111","1,896","40,007","68,763","58.18%","21.24%","34.18%",-12.94,0.6167,0.7004,31617,-0.0837
"90","第13案","南投縣","草屯鎮","19,594","26,875","46,469","1,925","48,394","82,922","58.36%","23.63%","32.41%",-8.78,0.5783,0.5379,29774,0.0404
"91","第13案","南投縣","竹山鎮","10,910","14,061","24,971","1,442","26,413","47,034","56.16%","23.2%","29.90%",-6.7,0.5631,0.68,21162,-0.1169
"92","第13案","南投縣","集集鎮","2,235","3,129","5,364","275","5,639","9,611","58.67%","23.25%","32.56%",-9.31,0.5833,0.6863,4774,-0.103
"93","第13案","南投縣","名間鄉","8,870","10,276","19,146","1,131","20,277","33,408","60.7%","26.55%","30.76%",-4.21,0.5367,0.6475,15432,-0.1108
"94","第13案","南投縣","鹿谷鄉","3,428","4,802","8,230","490","8,720","15,941","54.7%","21.5%","30.12%",-8.62,0.5835,0.7248,8156,-0.1413
"95","第13案","南投縣","中寮鄉","3,227","3,982","7,209","469","7,678","13,181","58.25%","24.48%","30.21%",-5.73,0.5524,0.7031,6940,-0.1507
"96","第13案","南投縣","魚池鄉","3,070","4,159","7,229","455","7,684","13,958","55.05%","21.99%","29.80%",-7.81,0.5753,0.6899,6810,-0.1146
"97","第13案","南投縣","國姓鄉","3,596","5,452","9,048","528","9,576","16,597","57.7%","21.67%","32.85%",-11.18,0.6026,0.6821,8152,-0.0794999999999999
"98","第13案","南投縣","水里鄉","3,390","4,848","8,238","458","8,696","15,458","56.26%","21.93%","31.36%",-9.43,0.5885,0.6989,7621,-0.1104
"99","第13案","南投縣","信義鄉","2,855","4,238","7,093","704","7,797","13,299","58.63%","21.47%","31.87%",-10.4,0.5975,0.8096,7902,-0.2121
"100","第13案","南投縣","仁愛鄉","2,398","4,386","6,784","370","7,154","12,589","56.83%","19.05%","34.84%",-15.79,0.6465,0.8482,8037,-0.2017
"101","第13案","雲林縣","","139,350","150,404","289,754","17,607","307,361","584,480","52.59%","23.84%","25.73%",-1.89,0.5191,NA,NA,NA
"102","第13案","雲林縣","斗六市","21,383","28,507","49,890","2,164","52,054","89,761","57.99%","23.82%","31.76%",-7.94,0.5714,0.5508,32050,0.0206000000000001
"103","第13案","雲林縣","斗南鎮","9,624","11,149","20,773","1,198","21,971","38,138","57.61%","25.23%","29.23%",-4,0.5367,0.5206,13445,0.0160999999999999
"104","第13案","雲林縣","虎尾鎮","13,438","16,721","30,159","1,428","31,587","58,167","54.3%","23.1%","28.75%",-5.65,0.5544,0.5593,21349,-0.00490000000000002
"105","第13案","雲林縣","西螺鎮","9,923","9,723","19,646","1,117","20,763","38,142","54.44%","26.02%","25.49%",0.53,0.4949,0.4689,12109,0.026
"106","第13案","雲林縣","土庫鎮","5,972","6,117","12,089","855","12,944","24,412","53.02%","24.46%","25.06%",-0.6,0.506,0.584,10136,-0.078
"107","第13案","雲林縣","北港鎮","8,945","8,645","17,590","1,134","18,724","33,958","55.14%","26.34%","25.46%",0.88,0.4915,0.4922,11426,-0.000699999999999978
"108","第13案","雲林縣","古坑鄉","6,473","7,378","13,851","916","14,767","27,477","53.74%","23.56%","26.85%",-3.29,0.5327,0.5435,10087,-0.0108
"109","第13案","雲林縣","大埤鄉","4,160","4,038","8,198","508","8,706","16,509","52.73%","25.2%","24.46%",0.74,0.4926,0.5396,6339,-0.047
"110","第13案","雲林縣","莿桐鄉","6,611","6,226","12,837","908","13,745","24,570","55.94%","26.91%","25.34%",1.57,0.485,0.4694,8218,0.0156
"111","第13案","雲林縣","林內鄉","3,758","4,413","8,171","670","8,841","15,551","56.85%","24.17%","28.38%",-4.21,0.5401,0.4963,5234,0.0438
"112","第13案","雲林縣","二崙鄉","6,007","4,882","10,889","647","11,536","23,367","49.37%","25.71%","20.89%",4.82,0.4483,0.4722,7461,-0.0239
"113","第13案","雲林縣","崙背鄉","4,948","4,833","9,781","665","10,446","21,050","49.62%","23.51%","22.96%",0.55,0.4941,0.5485,7961,-0.0544
"114","第13案","雲林縣","麥寮鄉","7,504","9,568","17,072","1,258","18,330","37,119","49.38%","20.22%","25.78%",-5.56,0.5604,0.6802,15550,-0.1198
"115","第13案","雲林縣","東勢鄉","3,163","3,039","6,202","459","6,661","13,239","50.31%","23.89%","22.95%",0.94,0.49,0.5756,5687,-0.0856
"116","第13案","雲林縣","褒忠鄉","2,827","2,858","5,685","310","5,995","11,381","52.68%","24.84%","25.11%",-0.27,0.5027,0.5455,4746,-0.0427999999999999
"117","第13案","雲林縣","臺西鄉","4,206","4,886","9,092","681","9,773","21,125","46.26%","19.91%","23.13%",-3.22,0.5374,0.6359,8833,-0.0985
"118","第13案","雲林縣","元長鄉","4,961","4,519","9,480","676","10,156","22,830","44.49%","21.73%","19.79%",1.94,0.4767,0.5311,8118,-0.0544
"119","第13案","雲林縣","四湖鄉","4,104","3,832","7,936","574","8,510","20,983","40.56%","19.56%","18.26%",1.3,0.4829,0.5131,6384,-0.0302
"120","第13案","雲林縣","口湖鄉","5,904","4,971","10,875","824","11,699","24,193","48.36%","24.4%","20.55%",3.85,0.4571,0.5385,8739,-0.0814
"121","第13案","雲林縣","水林鄉","5,439","4,099","9,538","615","10,153","22,508","45.11%","24.16%","18.21%",5.95,0.4298,0.4607,6898,-0.0309
"122","第13案","嘉義縣","","110,830","103,993","214,823","13,483","228,306","442,775","51.56%","25.03%","23.49%",1.54,0.4841,NA,NA,NA
"123","第13案","嘉義縣","太保市","8,074","8,157","16,231","833","17,064","31,568","54.05%","25.58%","25.84%",-0.26,0.5026,0.3004,6092,0.2022
"124","第13案","嘉義縣","朴子市","8,989","8,484","17,473","1,049","18,522","35,191","52.63%","25.54%","24.11%",1.43,0.4855,0.279,6178,0.2065
"125","第13案","嘉義縣","布袋鎮","5,637","5,557","11,194","756","11,950","23,965","49.86%","23.52%","23.19%",0.33,0.4964,0.3339,5053,0.1625
"126","第13案","嘉義縣","大林鎮","6,763","6,675","13,438","784","14,222","26,922","52.83%","25.12%","24.79%",0.33,0.4967,0.3085,5426,0.1882
"127","第13案","嘉義縣","民雄鄉","16,033","15,073","31,106","1,892","32,998","61,209","53.91%","26.19%","24.63%",1.56,0.4846,0.3191,12139,0.1655
"128","第13案","嘉義縣","溪口鄉","3,716","2,754","6,470","430","6,900","13,105","52.65%","28.36%","21.01%",7.35,0.4257,0.2316,2099,0.1941
"129","第13案","嘉義縣","新港鄉","8,171","6,024","14,195","892","15,087","27,342","55.18%","29.88%","22.03%",7.85,0.4244,0.2297,4298,0.1947
"130","第13案","嘉義縣","六腳鄉","4,734","3,723","8,457","612","9,069","20,821","43.56%","22.74%","17.88%",4.86,0.4402,0.2362,2989,0.204
"131","第13案","嘉義縣","東石鄉","4,475","3,938","8,413","693","9,106","21,915","41.55%","20.42%","17.97%",2.45,0.4681,0.2413,3193,0.2268
"132","第13案","嘉義縣","義竹鄉","4,412","3,735","8,147","523","8,670","16,647","52.08%","26.5%","22.44%",4.06,0.4585,0.2014,2414,0.2571
"133","第13案","嘉義縣","鹿草鄉","3,491","2,765","6,256","462","6,718","13,937","48.2%","25.05%","19.84%",5.21,0.442,0.2843,2545,0.1577
"134","第13案","嘉義縣","水上鄉","11,291","10,944","22,235","1,289","23,524","43,857","53.64%","25.75%","24.95%",0.8,0.4922,0.3515,9734,0.1407
"135","第13案","嘉義縣","中埔鄉","8,874","8,617","17,491","1,105","18,596","39,139","47.51%","22.67%","22.02%",0.65,0.4927,0.3285,7751,0.1642
"136","第13案","嘉義縣","竹崎鄉","7,748","7,724","15,472","976","16,448","31,228","52.67%","24.81%","24.73%",0.08,0.4992,0.3016,6300,0.1976
"137","第13案","嘉義縣","梅山鄉","4,342","4,380","8,722","611","9,333","17,083","54.63%","25.42%","25.64%",-0.22,0.5022,0.2871,3437,0.2151
"138","第13案","嘉義縣","番路鄉","2,438","2,903","5,341","378","5,719","10,156","56.31%","24.01%","28.58%",-4.57,0.5435,0.3638,2510,0.1797
"139","第13案","嘉義縣","大埔鄉","974","1,125","2,099","104","2,203","3,999","55.09%","24.36%","28.13%",-3.77,0.536,0.2989,919,0.2371
"140","第13案","嘉義縣","阿里山鄉","668","1,415","2,083","94","2,177","4,691","46.41%","14.24%","30.16%",-15.92,0.6793,0.3608,1166,0.3185
"141","第13案","屏東縣","","180,402","177,106","357,508","19,822","377,330","711,720","53.02%","25.35%","24.88%",0.47,0.4954,NA,NA,NA
"142","第13案","屏東縣","屏東市","40,920","47,103","88,023","3,450","91,473","170,148","53.76%","24.05%","27.68%",-3.63,0.5351,0.4547,46320,0.0804
"143","第13案","屏東縣","潮州鎮","11,749","11,734","23,483","1,123","24,606","46,444","52.98%","25.3%","25.26%",0.04,0.4997,0.4362,12571,0.0635
"144","第13案","屏東縣","東港鎮","10,734","9,353","20,087","1,208","21,295","39,495","53.92%","27.18%","23.68%",3.5,0.4656,0.4704,11387,-0.00479999999999997
"145","第13案","屏東縣","恆春鎮","5,658","5,977","11,635","631","12,266","25,661","47.8%","22.05%","23.29%",-1.24,0.5137,0.4055,6729,0.1082
"146","第13案","屏東縣","萬丹鄉","11,585","10,424","22,009","1,308","23,317","43,478","53.63%","26.65%","23.98%",2.67,0.4736,0.3887,11272,0.0849
"147","第13案","屏東縣","長治鄉","6,734","6,835","13,569","944","14,513","26,256","55.27%","25.65%","26.03%",-0.38,0.5037,0.4005,6939,0.1032
"148","第13案","屏東縣","麟洛鄉","3,089","2,687","5,776","226","6,002","9,970","60.2%","30.98%","26.95%",4.03,0.4652,0.3545,2526,0.1107
"149","第13案","屏東縣","九如鄉","5,803","4,169","9,972","605","10,577","19,132","55.28%","30.33%","21.79%",8.54,0.4181,0.3003,3977,0.1178
"150","第13案","屏東縣","里港鄉","6,451","5,210","11,661","646","12,307","22,128","55.62%","29.15%","23.54%",5.61,0.4468,0.3475,5371,0.0993
"151","第13案","屏東縣","鹽埔鄉","5,568","5,464","11,032","731","11,763","22,402","52.51%","24.85%","24.39%",0.46,0.4953,0.412,6561,0.0833
"152","第13案","屏東縣","高樹鄉","6,107","4,502","10,609","740","11,349","21,697","52.31%","28.15%","20.75%",7.4,0.4244,0.3453,5402,0.0791
"153","第13案","屏東縣","萬巒鄉","5,053","3,867","8,920","621","9,541","17,945","53.17%","28.16%","21.55%",6.61,0.4335,0.3141,3866,0.1194
"154","第13案","屏東縣","內埔鄉","11,532","10,690","22,222","1,185","23,407","47,558","49.22%","24.25%","22.48%",1.77,0.4811,0.3684,10697,0.1127
"155","第13案","屏東縣","竹田鄉","4,570","3,875","8,445","501","8,946","15,353","58.27%","29.77%","25.24%",4.53,0.4589,0.3623,4040,0.0966
"156","第13案","屏東縣","新埤鄉","2,345","2,017","4,362","284","4,646","9,033","51.43%","25.96%","22.33%",3.63,0.4624,0.4134,2663,0.0489999999999999
"157","第13案","屏東縣","枋寮鄉","5,601","5,322","10,923","735","11,658","21,394","54.49%","26.18%","24.88%",1.3,0.4872,0.5044,7635,-0.0171999999999999
"158","第13案","屏東縣","新園鄉","8,686","6,597","15,283","1,119","16,402","30,706","53.42%","28.29%","21.48%",6.81,0.4317,0.3928,8167,0.0388999999999999
"159","第13案","屏東縣","崁頂鄉","3,400","2,820","6,220","359","6,579","12,270","53.62%","27.71%","22.98%",4.73,0.4534,0.388,3219,0.0654000000000001
"160","第13案","屏東縣","林邊鄉","4,800","3,582","8,382","503","8,885","15,691","56.62%","30.59%","22.83%",7.76,0.4273,0.3884,4376,0.0389
"161","第13案","屏東縣","南州鄉","2,691","2,109","4,800","321","5,121","9,479","54.02%","28.39%","22.25%",6.14,0.4394,0.4284,3024,0.011
"162","第13案","屏東縣","佳冬鄉","4,645","3,506","8,151","530","8,681","17,063","50.88%","27.22%","20.55%",6.67,0.4301,0.3729,4432,0.0572
"163","第13案","屏東縣","琉球鄉","2,007","2,413","4,420","336","4,756","10,706","44.42%","18.75%","22.54%",-3.79,0.5459,0.6926,4763,-0.1467
"164","第13案","屏東縣","車城鄉","1,726","1,389","3,115","178","3,293","7,595","43.36%","22.73%","18.29%",4.44,0.4459,0.3367,1786,0.1092
"165","第13案","屏東縣","滿州鄉","1,516","1,526","3,042","127","3,169","7,206","43.98%","21.04%","21.18%",-0.14,0.5016,0.3768,1994,0.1248
"166","第13案","屏東縣","枋山鄉","1,336","1,123","2,459","132","2,591","4,856","53.36%","27.51%","23.13%",4.38,0.4567,0.3563,1385,0.1004
"167","第13案","屏東縣","三地門鄉","1,159","2,072","3,231","244","3,475","6,373","54.53%","18.19%","32.51%",-14.32,0.6413,0.5614,2895,0.0799
"168","第13案","屏東縣","霧臺鄉","477","1,108","1,585","98","1,683","2,950","57.05%","16.17%","37.56%",-21.39,0.6991,0.4534,1129,0.2457
"169","第13案","屏東縣","瑪家鄉","1,118","2,186","3,304","201","3,505","5,663","61.89%","19.74%","38.60%",-18.86,0.6616,0.514,2350,0.1476
"170","第13案","屏東縣","泰武鄉","821","1,705","2,526","243","2,769","4,344","63.74%","18.9%","39.25%",-20.35,0.675,0.4662,1668,0.2088
"171","第13案","屏東縣","來義鄉","901","2,490","3,391","268","3,659","6,257","58.48%","14.4%","39.80%",-25.4,0.7343,0.5624,2673,0.1719
"172","第13案","屏東縣","春日鄉","438","739","1,177","46","1,223","3,923","31.18%","11.16%","18.84%",-7.68,0.6279,0.5738,1737,0.0541
"173","第13案","屏東縣","獅子鄉","558","1,421","1,979","109","2,088","4,230","49.36%","13.19%","33.59%",-20.4,0.718,0.6402,2192,0.0778
"174","第13案","屏東縣","牡丹鄉","624","1,091","1,715","70","1,785","4,314","41.38%","14.46%","25.29%",-10.83,0.6362,0.5541,1772,0.0821000000000001
"175","第13案","臺東縣","","33,959","55,792","89,751","6,451","96,202","185,996","51.72%","18.26%","30.00%",-11.74,0.6216,NA,NA,NA
"176","第13案","臺東縣","臺東市","16,986","28,706","45,692","2,472","48,164","87,803","54.85%","19.35%","32.69%",-13.34,0.6283,0.5604,31213,0.0679
"177","第13案","臺東縣","成功鎮","1,958","3,637","5,595","601","6,196","12,426","49.86%","15.76%","29.27%",-13.51,0.65,0.608,4481,0.042
"178","第13案","臺東縣","關山鎮","1,337","2,230","3,567","191","3,758","7,509","50.05%","17.81%","29.70%",-11.89,0.6252,0.6109,3094,0.0143
"179","第13案","臺東縣","卑南鄉","3,064","4,252","7,316","610","7,926","14,976","52.92%","20.46%","28.39%",-7.93,0.5812,0.593,5699,-0.0117999999999999
"180","第13案","臺東縣","鹿野鄉","1,313","1,643","2,956","206","3,162","6,936","45.59%","18.93%","23.69%",-4.76,0.5558,0.5209,2385,0.0348999999999999
"181","第13案","臺東縣","池上鄉","1,293","1,841","3,134","221","3,355","7,162","46.84%","18.05%","25.71%",-7.66,0.5874,0.5833,2588,0.0041000000000001
"182","第13案","臺東縣","東河鄉","1,212","1,835","3,047","299","3,346","7,635","43.82%","15.87%","24.03%",-8.16,0.6022,0.5909,2782,0.0113
"183","第13案","臺東縣","長濱鄉","927","1,458","2,385","358","2,743","6,484","42.3%","14.3%","22.49%",-8.19,0.6113,0.6049,2347,0.00639999999999996
"184","第13案","臺東縣","太麻里鄉","1,819","2,565","4,384","385","4,769","9,666","49.34%","18.82%","26.54%",-7.72,0.5851,0.6374,4251,-0.0523
"185","第13案","臺東縣","大武鄉","915","1,442","2,357","348","2,705","5,266","51.37%","17.38%","27.38%",-10,0.6118,0.6283,2282,-0.0165
"186","第13案","臺東縣","綠島鄉","520","1,005","1,525","62","1,587","3,579","44.34%","14.53%","28.08%",-13.55,0.659,0.6581,1536,0.000900000000000012
"187","第13案","臺東縣","海端鄉","523","1,084","1,607","144","1,751","3,278","53.42%","15.95%","33.07%",-17.12,0.6745,0.7482,1661,-0.0737
"188","第13案","臺東縣","延平鄉","462","977","1,439","134","1,573","2,930","53.69%","15.77%","33.34%",-17.57,0.6789,0.7381,1677,-0.0592
"189","第13案","臺東縣","金峰鄉","473","1,125","1,598","156","1,754","3,028","57.93%","15.62%","37.15%",-21.53,0.704,0.723,1770,-0.019
"190","第13案","臺東縣","達仁鄉","512","1,133","1,645","163","1,808","3,137","57.63%","16.32%","36.12%",-19.8,0.6888,0.6911,1707,-0.00230000000000008
"191","第13案","臺東縣","蘭嶼鄉","645","859","1,504","101","1,605","4,181","38.39%","15.43%","20.55%",-5.12,0.5711,0.5186,1104,0.0525000000000001
"192","第13案","花蓮縣","","49,349","88,466","137,815","8,716","146,531","278,059","52.7%","17.75%","31.82%",-14.07,0.6419,NA,NA,NA
"193","第13案","花蓮縣","花蓮市","15,490","28,503","43,993","1,933","45,926","84,807","54.15%","18.27%","33.61%",-15.34,0.6479,0.6599,32399,-0.0119999999999999
"194","第13案","花蓮縣","鳳林鎮","1,806","3,192","4,998","387","5,385","9,676","55.65%","18.66%","32.99%",-14.33,0.6387,0.7626,4991,-0.1239
"195","第13案","花蓮縣","玉里鎮","3,227","5,640","8,867","960","9,827","20,650","47.59%","15.63%","27.31%",-11.68,0.6361,0.7613,9193,-0.1252
"196","第13案","花蓮縣","新城鄉","3,203","5,586","8,789","498","9,287","17,029","54.54%","18.81%","32.80%",-13.99,0.6356,0.7141,7551,-0.0784999999999999
"197","第13案","花蓮縣","吉安鄉","12,483","23,812","36,295","1,811","38,106","72,116","52.84%","17.31%","33.02%",-15.71,0.6561,0.6851,28510,-0.029
"198","第13案","花蓮縣","壽豐鄉","3,200","4,894","8,094","618","8,712","15,847","54.98%","20.19%","30.88%",-10.69,0.6046,0.7153,7438,-0.1107
"199","第13案","花蓮縣","光復鄉","1,921","3,428","5,349","556","5,905","11,417","51.72%","16.83%","30.03%",-13.2,0.6409,0.7736,5830,-0.1327
"200","第13案","花蓮縣","豐濱鄉","678","1,046","1,724","266","1,990","4,395","45.28%","15.43%","23.80%",-8.37,0.6067,0.777,2471,-0.1703
"201","第13案","花蓮縣","瑞穗鄉","1,706","3,005","4,711","407","5,118","10,279","49.79%","16.6%","29.23%",-12.63,0.6379,0.7578,5010,-0.1199
"202","第13案","花蓮縣","富里鄉","1,492","2,331","3,823","373","4,196","9,065","46.29%","16.46%","25.71%",-9.25,0.6097,0.7781,4628,-0.1684
"203","第13案","花蓮縣","秀林鄉","2,351","3,600","5,951","389","6,340","12,562","50.47%","18.72%","28.66%",-9.94,0.6049,0.8055,7074,-0.2006
"204","第13案","花蓮縣","萬榮鄉","1,000","1,684","2,684","251","2,935","5,269","55.7%","18.98%","31.96%",-12.98,0.6274,0.837,3205,-0.2096
"205","第13案","花蓮縣","卓溪鄉","792","1,745","2,537","267","2,804","4,947","56.68%","16.01%","35.27%",-19.26,0.6878,0.881,2997,-0.1932
"206","第13案","澎湖縣","","16,396","23,036","39,432","2,016","41,448","90,405","45.85%","18.14%","25.48%",-7.34,0.5842,NA,NA,NA
"207","第13案","澎湖縣","馬公市","9,944","15,334","25,278","1,141","26,419","53,655","49.24%","18.53%","28.58%",-10.05,0.6066,0.4114,12806,0.1952
"208","第13案","澎湖縣","湖西鄉","2,445","3,017","5,462","269","5,731","12,741","44.98%","19.19%","23.68%",-4.49,0.5524,0.3128,2452,0.2396
"209","第13案","澎湖縣","白沙鄉","1,526","1,997","3,523","211","3,734","8,625","43.29%","17.69%","23.15%",-5.46,0.5668,0.3813,1951,0.1855
"210","第13案","澎湖縣","西嶼鄉","1,206","1,232","2,438","213","2,651","7,382","35.91%","16.34%","16.69%",-0.35,0.5053,0.3854,1558,0.1199
"211","第13案","澎湖縣","望安鄉","838","934","1,772","111","1,883","4,628","40.69%","18.11%","20.18%",-2.07,0.5271,0.2884,841,0.2387
"212","第13案","澎湖縣","七美鄉","437","522","959","71","1,030","3,374","30.53%","12.95%","15.47%",-2.52,0.5443,0.5136,962,0.0307000000000001
"213","第13案","基隆市","","68,736","90,381","159,117","7,385","166,502","320,030","52.03%","21.48%","28.24%",-6.76,0.568,NA,NA,NA
"214","第13案","基隆市","中正區","8,903","11,755","20,658","1,089","21,747","45,545","47.75%","19.55%","25.81%",-6.26,0.569,0.4721,12009,0.0968999999999999
"215","第13案","基隆市","七堵區","10,557","12,865","23,422","1,218","24,640","46,256","53.27%","22.82%","27.81%",-4.99,0.5493,0.425,11745,0.1243
"216","第13案","基隆市","暖暖區","7,218","9,770","16,988","662","17,650","33,225","53.12%","21.72%","29.41%",-7.69,0.5751,0.4676,9222,0.1075
"217","第13案","基隆市","仁愛區","8,790","10,057","18,847","1,071","19,918","36,738","54.22%","23.93%","27.37%",-3.44,0.5336,0.4413,9877,0.0922999999999999
"218","第13案","基隆市","中山區","9,114","11,334","20,448","1,018","21,466","41,856","51.29%","21.77%","27.08%",-5.31,0.5543,0.4551,11424,0.0992
"219","第13案","基隆市","安樂區","14,810","20,552","35,362","1,406","36,768","70,396","52.23%","21.04%","29.19%",-8.15,0.5812,0.4504,18580,0.1308
"220","第13案","基隆市","信義區","9,344","14,048","23,392","921","24,313","46,014","52.84%","20.31%","30.53%",-10.22,0.6005,0.5035,13672,0.097
"221","第13案","新竹市","","80,567","111,788","192,355","8,062","200,417","351,775","56.97%","22.9%","31.78%",-8.88,0.5812,NA,NA,NA
"222","第13案","新竹市","東區","36,854","53,513","90,367","3,608","93,975","163,757","57.39%","22.51%","32.68%",-10.17,0.5922,0.2923,29097,0.2999
"223","第13案","新竹市","北區","28,399","38,393","66,792","2,782","69,574","123,122","56.51%","23.07%","31.18%",-8.11,0.5748,0.2743,20850,0.3005
"224","第13案","新竹市","香山區","15,314","19,882","35,196","1,672","36,868","64,896","56.81%","23.6%","30.64%",-7.04,0.5649,0.2542,10561,0.3107
"225","第13案","嘉義市","","58,391","60,171","118,562","4,694","123,256","221,553","55.63%","26.36%","27.16%",-0.8,0.5075,NA,NA,NA
"226","第13案","嘉義市","東區","25,763","27,911","53,674","2,164","55,838","100,647","55.48%","25.6%","27.73%",-2.13,0.52,0.4364,27558,0.0836
"227","第13案","嘉義市","西區","32,628","32,260","64,888","2,530","67,418","120,906","55.76%","26.99%","26.68%",0.31,0.4972,0.3921,31000,0.1051
"228","第13案","臺北市","","549,973","701,711","1,251,684","49,738","1,301,422","2,228,430","58.4%","24.68%","31.49%",-6.81,0.5606,NA,NA,NA
"229","第13案","臺北市","松山區","40,881","56,482","97,363","3,680","101,043","169,278","59.69%","24.15%","33.37%",-9.22,0.5801,0.4336,46381,0.1465
"230","第13案","臺北市","信義區","45,488","61,995","107,483","4,139","111,622","190,444","58.61%","23.89%","32.55%",-8.66,0.5768,0.4399,53955,0.1369
"231","第13案","臺北市","大安區","58,256","83,873","142,129","4,959","147,088","252,645","58.22%","23.06%","33.20%",-10.14,0.5901,0.4573,72325,0.1328
"232","第13案","臺北市","中山區","50,424","57,828","108,252","4,297","112,549","195,148","57.67%","25.84%","29.63%",-3.79,0.5342,0.3838,46746,0.1504
"233","第13案","臺北市","中正區","31,050","41,827","72,877","2,631","75,508","128,292","58.86%","24.2%","32.60%",-8.4,0.5739,0.4183,33897,0.1556
"234","第13案","臺北市","大同區","31,712","29,039","60,751","2,688","63,439","107,557","58.98%","29.48%","27.00%",2.48,0.478,0.2969,20763,0.1811
"235","第13案","臺北市","萬華區","41,906","46,381","88,287","4,181","92,468","164,020","56.38%","25.55%","28.28%",-2.73,0.5253,0.3705,38666,0.1548
"236","第13案","臺北市","文山區","50,746","80,777","131,523","5,573","137,096","227,211","60.34%","22.33%","35.55%",-13.22,0.6142,0.4715,68586,0.1427
"237","第13案","臺北市","南港區","25,347","32,271","57,618","2,196","59,814","101,907","58.69%","24.87%","31.67%",-6.8,0.5601,0.3945,26282,0.1656
"238","第13案","臺北市","內湖區","57,038","77,667","134,705","4,713","139,418","236,824","58.87%","24.08%","32.80%",-8.72,0.5766,0.4102,61566,0.1664
"239","第13案","臺北市","士林區","63,841","70,300","134,141","5,829","139,970","241,854","57.87%","26.4%","29.07%",-2.67,0.5241,0.3646,55954,0.1595
"240","第13案","臺北市","北投區","53,284","63,271","116,555","4,852","121,407","213,250","56.93%","24.99%","29.67%",-4.68,0.5428,0.3908,52445,0.152
"241","第13案","高雄市","","658,515","695,878","1,354,393","58,506","1,412,899","2,353,342","60.04%","27.98%","29.57%",-1.59,0.5138,NA,NA,NA
"242","第13案","高雄市","鹽埕區","7,028","5,717","12,745","457","13,202","21,617","61.07%","32.51%","26.45%",6.06,0.4486,0.4828,7633,-0.0342
"243","第13案","高雄市","鼓山區","31,453","36,145","67,598","2,321","69,919","114,979","60.81%","27.36%","31.44%",-4.08,0.5347,0.5704,45816,-0.0357000000000001
"244","第13案","高雄市","左營區","41,066","55,024","96,090","3,319","99,409","161,367","61.6%","25.45%","34.10%",-8.65,0.5726,0.6199,68255,-0.0473
"245","第13案","高雄市","楠梓區","41,039","47,325","88,364","3,859","92,223","153,132","60.22%","26.8%","30.90%",-4.1,0.5356,0.5658,59478,-0.0302
"246","第13案","高雄市","三民區","84,073","84,839","168,912","6,310","175,222","289,519","60.52%","29.04%","29.30%",-0.26,0.5023,0.5279,105406,-0.0256000000000001
"247","第13案","高雄市","新興區","13,820","13,072","26,892","965","27,857","44,355","62.8%","31.16%","29.47%",1.69,0.4861,0.5334,16776,-0.0473
"248","第13案","高雄市","前金區","7,305","7,122","14,427","499","14,926","23,928","62.38%","30.53%","29.76%",0.77,0.4937,0.5383,9120,-0.0446
"249","第13案","高雄市","苓雅區","43,358","45,565","88,923","3,225","92,148","146,786","62.78%","29.54%","31.04%",-1.5,0.5124,0.546,57171,-0.0336000000000001
"250","第13案","高雄市","前鎮區","45,971","46,826","92,797","4,128","96,925","161,797","59.91%","28.41%","28.94%",-0.53,0.5046,0.5253,59572,-0.0206999999999999
"251","第13案","高雄市","旗津區","7,375","5,403","12,778","768","13,546","24,860","54.49%","29.67%","21.73%",7.94,0.4228,0.4549,7993,-0.0321
"252","第13案","高雄市","小港區","37,792","38,427","76,219","3,260","79,479","132,733","59.88%","28.47%","28.95%",-0.48,0.5042,0.517,47806,-0.0128
"253","第13案","高雄市","鳳山區","80,679","93,732","174,411","7,435","181,846","300,510","60.51%","26.85%","31.19%",-4.34,0.5374,0.5654,118466,-0.028
"254","第13案","高雄市","林園區","16,857","15,245","32,102","1,695","33,797","59,129","57.16%","28.51%","25.78%",2.73,0.4749,0.474,20149,0.000900000000000012
"255","第13案","高雄市","大寮區","27,099","26,851","53,950","2,677","56,627","97,309","58.19%","27.85%","27.59%",0.26,0.4977,0.5217,35636,-0.0240000000000001
"256","第13案","高雄市","大樹區","10,872","9,517","20,389","985","21,374","36,772","58.13%","29.57%","25.88%",3.69,0.4668,0.4833,12945,-0.0165
"257","第13案","高雄市","大社區","8,762","7,966","16,728","829","17,557","30,046","58.43%","29.16%","26.51%",2.65,0.4762,0.4889,10378,-0.0127
"258","第13案","高雄市","仁武區","21,146","21,092","42,238","1,633","43,871","73,611","59.6%","28.73%","28.65%",0.08,0.4994,0.514,26659,-0.0146
"259","第13案","高雄市","鳥松區","11,883","11,317","23,200","966","24,166","39,191","61.66%","30.32%","28.88%",1.44,0.4878,0.5223,14410,-0.0345
"260","第13案","高雄市","岡山區","22,483","26,291","48,774","2,034","50,808","81,244","62.54%","27.67%","32.36%",-4.69,0.539,0.5493,32410,-0.0103
"261","第13案","高雄市","橋頭區","10,943","8,929","19,872","922","20,794","32,565","63.85%","33.6%","27.42%",6.18,0.4493,0.4445,10888,0.00479999999999997
"262","第13案","高雄市","燕巢區","7,213","7,164","14,377","816","15,193","26,012","58.41%","27.73%","27.54%",0.19,0.4983,0.5088,9448,-0.0105
"263","第13案","高雄市","田寮區","1,838","1,344","3,182","214","3,396","6,671","50.91%","27.55%","20.15%",7.4,0.4224,0.4358,2252,-0.0134
"264","第13案","高雄市","阿蓮區","6,635","6,419","13,054","658","13,712","24,534","55.89%","27.04%","26.16%",0.88,0.4917,0.4712,8322,0.0205000000000001
"265","第13案","高雄市","路竹區","12,332","12,501","24,833","1,465","26,298","43,850","59.97%","28.12%","28.51%",-0.39,0.5034,0.5243,16545,-0.0209
"266","第13案","高雄市","湖內區","7,333","6,741","14,074","667","14,741","25,729","57.29%","28.5%","26.20%",2.3,0.479,0.4967,9133,-0.0177
"267","第13案","高雄市","茄萣區","7,266","6,458","13,724","775","14,499","26,212","55.31%","27.72%","24.64%",3.08,0.4706,0.4772,8662,-0.00659999999999999
"268","第13案","高雄市","永安區","3,574","3,744","7,318","366","7,684","12,001","64.03%","29.78%","31.20%",-1.42,0.5116,0.4962,4545,0.0154000000000001
"269","第13案","高雄市","彌陀區","4,807","4,929","9,736","627","10,363","16,487","62.86%","29.16%","29.90%",-0.74,0.5063,0.5277,6756,-0.0214000000000001
"270","第13案","高雄市","梓官區","9,243","8,514","17,757","874","18,631","31,025","60.05%","29.79%","27.44%",2.35,0.4795,0.4681,10509,0.0114
"271","第13案","高雄市","旗山區","9,062","8,518","17,580","922","18,502","31,996","57.83%","28.32%","26.62%",1.7,0.4845,0.5234,12379,-0.0389000000000001
"272","第13案","高雄市","美濃區","7,983","10,596","18,579","1,171","19,750","35,311","55.93%","22.61%","30.01%",-7.4,0.5703,0.6109,15478,-0.0406
"273","第13案","高雄市","六龜區","2,314","2,752","5,066","465","5,531","11,501","48.09%","20.12%","23.93%",-3.81,0.5432,0.5429,4084,0.000300000000000078
"274","第13案","高雄市","甲仙區","1,133","1,390","2,523","202","2,725","5,417","50.3%","20.92%","25.66%",-4.74,0.5509,0.6017,2339,-0.0508000000000001
"275","第13案","高雄市","杉林區","2,294","2,488","4,782","296","5,078","10,607","47.87%","21.63%","23.46%",-1.83,0.5203,0.5645,4129,-0.0442
"276","第13案","高雄市","內門區","3,104","2,956","6,060","457","6,517","13,002","50.12%","23.87%","22.73%",1.14,0.4878,0.5381,5446,-0.0503
"277","第13案","高雄市","茂林區","337","738","1,075","47","1,122","1,615","69.47%","20.87%","45.70%",-24.83,0.6865,0.9183,1281,-0.2318
"278","第13案","高雄市","桃源區","548","1,289","1,837","89","1,926","3,498","55.06%","15.67%","36.85%",-21.18,0.7017,0.8851,2519,-0.1834
"279","第13案","高雄市","那瑪夏區","495","932","1,427","108","1,535","2,424","63.33%","20.42%","38.45%",-18.03,0.6531,0.8508,1751,-0.1977
"280","第13案","新北市","","807,514","985,763","1,793,277","87,193","1,880,470","3,375,513","55.71%","23.92%","29.20%",-5.28,0.5497,NA,NA,NA
"281","第13案","新北市","板橋區","119,330","132,183","251,513","12,943","264,456","463,411","57.07%","25.75%","28.52%",-2.77,0.5256,0.5397,154687,-0.0141
"282","第13案","新北市","三重區","89,027","87,000","176,027","9,721","185,748","329,846","56.31%","26.99%","26.38%",0.61,0.4942,0.4978,99925,-0.00360000000000005
"283","第13案","新北市","中和區","78,167","112,782","190,949","8,680","199,629","355,978","56.08%","21.96%","31.68%",-9.72,0.5906,0.6331,139022,-0.0425
"284","第13案","新北市","永和區","40,769","66,263","107,032","4,634","111,666","187,798","59.46%","21.71%","35.28%",-13.57,0.6191,0.6746,79362,-0.0555
"285","第13案","新北市","新莊區","90,070","98,684","188,754","9,447","198,201","344,981","57.45%","26.11%","28.61%",-2.5,0.5228,0.5172,108240,0.00560000000000005
"286","第13案","新北市","新店區","53,250","91,275","144,525","5,978","150,503","264,053","57%","20.17%","34.57%",-14.4,0.6316,0.6873,109759,-0.0557
"287","第13案","新北市","樹林區","38,133","42,649","80,782","4,017","84,799","152,102","55.75%","25.07%","28.04%",-2.97,0.528,0.5413,49090,-0.0133
"288","第13案","新北市","鶯歌區","17,470","19,181","36,651","1,688","38,339","71,645","53.51%","24.38%","26.77%",-2.39,0.5233,0.5349,23419,-0.0116000000000001
"289","第13案","新北市","三峽區","21,638","26,238","47,876","2,325","50,201","94,291","53.24%","22.95%","27.83%",-4.88,0.548,0.5736,31822,-0.0256
"290","第13案","新北市","淡水區","31,732","43,633","75,365","3,072","78,437","147,272","53.26%","21.55%","29.63%",-8.08,0.579,0.6033,51336,-0.0243
"291","第13案","新北市","汐止區","37,770","50,984","88,754","3,901","92,655","173,831","53.3%","21.73%","29.33%",-7.6,0.5744,0.6128,61139,-0.0384
"292","第13案","新北市","瑞芳區","7,444","8,779","16,223","1,049","17,272","35,036","49.3%","21.25%","25.06%",-3.81,0.5411,0.6249,13393,-0.0838
"293","第13案","新北市","土城區","48,850","56,610","105,460","5,222","110,682","200,783","55.13%","24.33%","28.19%",-3.86,0.5368,0.5615,66487,-0.0246999999999999
"294","第13案","新北市","蘆洲區","42,796","42,780","85,576","4,485","90,061","167,457","53.78%","25.56%","25.55%",0.01,0.4999,0.4944,47271,0.00550000000000006
"295","第13案","新北市","五股區","18,149","18,856","37,005","1,981","38,986","72,443","53.82%","25.05%","26.03%",-0.98,0.5096,0.5223,22276,-0.0126999999999999
"296","第13案","新北市","泰山區","15,601","18,739","34,340","1,473","35,813","64,252","55.74%","24.28%","29.16%",-4.88,0.5457,0.5423,20885,0.00339999999999996
"297","第13案","新北市","林口區","19,747","26,923","46,670","1,802","48,472","86,203","56.23%","22.91%","31.23%",-8.32,0.5769,0.5908,30150,-0.0139
"298","第13案","新北市","深坑區","4,965","6,014","10,979","517","11,496","20,624","55.74%","24.07%","29.16%",-5.09,0.5478,0.5997,7720,-0.0519000000000001
"299","第13案","新北市","石碇區","1,705","1,647","3,352","203","3,555","6,861","51.81%","24.85%","24.01%",0.84,0.4913,0.4773,2272,0.0140000000000001
"300","第13案","新北市","坪林區","1,546","1,354","2,900","180","3,080","5,891","52.28%","26.24%","22.98%",3.26,0.4669,0.4454,1811,0.0215
"301","第13案","新北市","三芝區","4,301","5,036","9,337","532","9,869","20,119","49.05%","21.38%","25.03%",-3.65,0.5394,0.594,7191,-0.0546
"302","第13案","新北市","石門區","2,352","2,829","5,181","321","5,502","10,528","52.26%","22.34%","26.87%",-4.53,0.546,0.587,4162,-0.041
"303","第13案","新北市","八里區","7,582","9,078","16,660","897","17,557","32,970","53.25%","23%","27.53%",-4.53,0.5449,0.54,10545,0.00490000000000002
"304","第13案","新北市","平溪區","1,025","955","1,980","138","2,118","4,321","49.02%","23.72%","22.10%",1.62,0.4823,0.5328,1616,-0.0505
"305","第13案","新北市","雙溪區","1,751","1,942","3,693","255","3,948","7,999","49.36%","21.89%","24.28%",-2.39,0.5259,0.5582,3062,-0.0323
"306","第13案","新北市","貢寮區","2,671","2,216","4,887","308","5,195","11,279","46.06%","23.68%","19.65%",4.03,0.4534,0.4579,3123,-0.00449999999999995
"307","第13案","新北市","金山區","4,298","4,686","8,984","694","9,678","18,978","51%","22.65%","24.69%",-2.04,0.5216,0.5389,6246,-0.0173000000000001
"308","第13案","新北市","萬里區","4,214","4,872","9,086","610","9,696","19,297","50.25%","21.84%","25.25%",-3.41,0.5362,0.5705,6547,-0.0343
"309","第13案","新北市","烏來區","1,161","1,575","2,736","120","2,856","5,264","54.26%","22.06%","29.92%",-7.86,0.5757,0.6477,2572,-0.072
"310","第13案","臺中市","","554,566","726,864","1,281,430","60,389","1,341,819","2,295,642","58.45%","24.16%","31.66%",-7.5,0.5672,NA,NA,NA
"311","第13案","臺中市","中區","3,924","4,112","8,036","365","8,401","14,696","57.17%","26.7%","27.98%",-1.28,0.5117,0.5329,4859,-0.0212
"312","第13案","臺中市","東區","16,941","19,589","36,530","1,760","38,290","64,291","59.56%","26.35%","30.47%",-4.12,0.5362,0.5303,22055,0.00590000000000002
"313","第13案","臺中市","南區","27,658","33,699","61,357","2,729","64,086","103,643","61.83%","26.69%","32.51%",-5.82,0.5492,0.5624,37250,-0.0132
"314","第13案","臺中市","西區","24,080","30,113","54,193","2,028","56,221","95,040","59.16%","25.34%","31.68%",-6.34,0.5557,0.5611,33534,-0.00540000000000007
"315","第13案","臺中市","北區","29,447","39,060","68,507","2,757","71,264","124,621","57.18%","23.63%","31.34%",-7.71,0.5702,0.5967,45769,-0.0265
"316","第13案","臺中市","西屯區","42,283","60,892","103,175","4,271","107,446","183,814","58.45%","23%","33.13%",-10.13,0.5902,0.603,67437,-0.0128
"317","第13案","臺中市","南屯區","33,372","45,708","79,080","3,333","82,413","135,448","60.84%","24.64%","33.75%",-9.11,0.578,0.5819,49134,-0.00390000000000001
"318","第13案","臺中市","北屯區","52,336","74,638","126,974","4,910","131,884","227,720","57.91%","22.98%","32.78%",-9.8,0.5878,0.6067,84485,-0.0189
"319","第13案","臺中市","豐原區","35,654","43,291","78,945","3,839","82,784","136,658","60.58%","26.09%","31.68%",-5.59,0.5484,0.5164,46436,0.032
"320","第13案","臺中市","東勢區","9,348","14,659","24,007","1,511","25,518","43,181","59.1%","21.65%","33.95%",-12.3,0.6106,0.6223,18216,-0.0116999999999999
"321","第13案","臺中市","大甲區","15,257","19,469","34,726","1,898","36,624","63,069","58.07%","24.19%","30.87%",-6.68,0.5606,0.5471,22958,0.0135
"322","第13案","臺中市","清水區","17,895","22,161","40,056","2,216","42,272","71,528","59.1%","25.02%","30.98%",-5.96,0.5533,0.5213,25523,0.032
"323","第13案","臺中市","沙鹿區","17,498","23,018","40,516","2,000","42,516","74,207","57.29%","23.58%","31.02%",-7.44,0.5681,0.5563,26784,0.0118
"324","第13案","臺中市","梧棲區","11,670","14,094","25,764","1,306","27,070","47,040","57.55%","24.81%","29.96%",-5.15,0.547,0.5114,15729,0.0356000000000001
"325","第13案","臺中市","后里區","10,863","14,165","25,028","1,385","26,413","44,962","58.75%","24.16%","31.50%",-7.34,0.566,0.5718,17677,-0.00580000000000003
"326","第13案","臺中市","神岡區","14,344","16,724","31,068","1,666","32,734","54,565","59.99%","26.29%","30.65%",-4.36,0.5383,0.4919,17928,0.0464
"327","第13案","臺中市","潭子區","21,605","28,122","49,727","2,169","51,896","89,487","57.99%","24.14%","31.43%",-7.29,0.5655,0.5568,31938,0.00870000000000004
"328","第13案","臺中市","大雅區","17,763","24,830","42,593","2,100","44,693","77,189","57.9%","23.01%","32.17%",-9.16,0.583,0.5704,27797,0.0125999999999999
"329","第13案","臺中市","新社區","4,811","6,058","10,869","612","11,481","20,860","55.04%","23.06%","29.04%",-5.98,0.5574,0.5851,8767,-0.0276999999999999
"330","第13案","臺中市","石岡區","3,080","4,148","7,228","455","7,683","12,880","59.65%","23.91%","32.20%",-8.29,0.5739,0.5943,5393,-0.0204000000000001
"331","第13案","臺中市","外埔區","6,256","8,799","15,055","857","15,912","27,059","58.8%","23.12%","32.52%",-9.4,0.5845,0.6007,11040,-0.0162
"332","第13案","臺中市","大安區","4,122","5,051","9,173","610","9,783","16,520","59.22%","24.95%","30.58%",-5.63,0.5506,0.5662,6732,-0.0155999999999999
"333","第13案","臺中市","烏日區","15,313","19,254","34,567","1,901","36,468","61,705","59.1%","24.82%","31.20%",-6.38,0.557,0.5691,22951,-0.0120999999999999
"334","第13案","臺中市","大肚區","11,483","14,998","26,481","1,402","27,883","47,457","58.75%","24.2%","31.60%",-7.4,0.5664,0.561,17821,0.00539999999999996
"335","第13案","臺中市","龍井區","14,854","19,576","34,430","1,694","36,124","63,584","56.81%","23.36%","30.79%",-7.43,0.5686,0.55,22757,0.0185999999999999
"336","第13案","臺中市","霧峰區","13,869","17,722","31,591","2,013","33,604","55,225","60.85%","25.11%","32.09%",-6.98,0.561,0.5583,20936,0.00270000000000004
"337","第13案","臺中市","太平區","35,443","47,614","83,057","4,008","87,065","157,926","55.13%","22.44%","30.15%",-7.71,0.5733,0.5662,53613,0.00710000000000011
"338","第13案","臺中市","大里區","41,337","51,702","93,039","4,281","97,320","171,769","56.66%","24.07%","30.10%",-6.03,0.5557,0.5463,57527,0.00939999999999996
"339","第13案","臺中市","和平區","2,060","3,598","5,658","313","5,971","9,498","62.87%","21.69%","37.88%",-16.19,0.6359,0.7015,4950,-0.0656
"340","第13案","臺南市","","420,409","376,916","797,325","37,455","834,780","1,594,821","52.34%","26.36%","23.63%",2.73,0.4727,NA,NA,NA
"341","第13案","臺南市","新營區","15,671","16,160","31,831","1,133","32,964","64,949","50.75%","24.13%","24.88%",-0.75,0.5077,0.3698,14120,0.1379
"342","第13案","臺南市","鹽水區","6,084","4,506","10,590","557","11,147","22,121","50.39%","27.5%","20.37%",7.13,0.4255,0.2789,3981,0.1466
"343","第13案","臺南市","白河區","6,281","4,451","10,732","636","11,368","24,894","45.67%","25.23%","17.88%",7.35,0.4147,0.3071,4715,0.1076
"344","第13案","臺南市","柳營區","4,986","3,974","8,960","619","9,579","18,804","50.94%","26.52%","21.13%",5.39,0.4435,0.2972,3630,0.1463
"345","第13案","臺南市","後壁區","5,630","3,985","9,615","666","10,281","20,841","49.33%","27.01%","19.12%",7.89,0.4145,0.2853,3940,0.1292
"346","第13案","臺南市","東山區","3,823","3,010","6,833","453","7,286","18,471","39.45%","20.7%","16.30%",4.4,0.4405,0.3397,3742,0.1008
"347","第13案","臺南市","麻豆區","11,585","7,284","18,869","784","19,653","37,963","51.77%","30.52%","19.19%",11.33,0.386,0.2334,5630,0.1526
"348","第13案","臺南市","下營區","5,732","3,964","9,696","576","10,272","20,947","49.04%","27.36%","18.92%",8.44,0.4088,0.2921,3767,0.1167
"349","第13案","臺南市","六甲區","5,182","3,886","9,068","528","9,596","19,144","50.13%","27.07%","20.30%",6.77,0.4285,0.2655,3260,0.163
"350","第13案","臺南市","官田區","5,375","3,614","8,989","484","9,473","18,675","50.73%","28.78%","19.35%",9.43,0.402,0.2556,3107,0.1464
"351","第13案","臺南市","大內區","2,317","1,737","4,054","259","4,313","8,654","49.84%","26.77%","20.07%",6.7,0.4285,0.2907,1687,0.1378
"352","第13案","臺南市","佳里區","14,077","11,615","25,692","1,147","26,839","50,407","53.24%","27.93%","23.04%",4.89,0.4521,0.291,9178,0.1611
"353","第13案","臺南市","學甲區","6,136","4,365","10,501","555","11,056","22,567","48.99%","27.19%","19.34%",7.85,0.4157,0.2792,3860,0.1365
"354","第13案","臺南市","西港區","5,737","4,361","10,098","523","10,621","21,564","49.25%","26.6%","20.22%",6.38,0.4319,0.2605,3593,0.1714
"355","第13案","臺南市","七股區","5,398","3,748","9,146","501","9,647","19,950","48.36%","27.06%","18.79%",8.27,0.4098,0.2488,3251,0.161
"356","第13案","臺南市","將軍區","4,851","3,218","8,069","398","8,467","17,754","47.69%","27.32%","18.13%",9.19,0.3988,0.2612,3109,0.1376
"357","第13案","臺南市","北門區","2,304","1,803","4,107","188","4,295","9,925","43.27%","23.21%","18.17%",5.04,0.439,0.2902,1877,0.1488
"358","第13案","臺南市","新化區","9,846","9,131","18,977","1,190","20,167","37,296","54.07%","26.4%","24.48%",1.92,0.4812,0.3189,7591,0.1623
"359","第13案","臺南市","善化區","10,715","8,929","19,644","1,170","20,814","39,950","52.1%","26.82%","22.35%",4.47,0.4545,0.2902,6948,0.1643
"360","第13案","臺南市","新市區","8,670","7,063","15,733","757","16,490","30,386","54.27%","28.53%","23.24%",5.29,0.4489,0.2681,5034,0.1808
"361","第13案","臺南市","安定區","7,400","5,895","13,295","908","14,203","26,104","54.41%","28.35%","22.58%",5.77,0.4434,0.2867,4752,0.1567
"362","第13案","臺南市","山上區","1,588","1,170","2,758","192","2,950","6,511","45.31%","24.39%","17.97%",6.42,0.4242,0.3057,1244,0.1185
"363","第13案","臺南市","玉井區","2,695","3,045","5,740","380","6,120","12,357","49.53%","21.81%","24.64%",-2.83,0.5305,0.4217,3442,0.1088
"364","第13案","臺南市","楠西區","1,650","2,029","3,679","239","3,918","8,528","45.94%","19.35%","23.79%",-4.44,0.5515,0.4856,2687,0.0659
"365","第13案","臺南市","南化區","1,690","1,811","3,501","233","3,734","7,786","47.96%","21.71%","23.26%",-1.55,0.5173,0.4126,2229,0.1047
"366","第13案","臺南市","左鎮區","1,051","820","1,871","163","2,034","4,418","46.04%","23.79%","18.56%",5.23,0.4383,0.3183,939,0.12
"367","第13案","臺南市","仁德區","16,551","16,740","33,291","1,640","34,931","64,632","54.05%","25.61%","25.90%",-0.29,0.5028,0.3188,12883,0.184
"368","第13案","臺南市","歸仁區","15,705","13,920","29,625","1,309","30,934","57,387","53.9%","27.37%","24.26%",3.11,0.4699,0.2595,9264,0.2104
"369","第13案","臺南市","關廟區","8,288","7,200","15,488","781","16,269","29,913","54.39%","27.71%","24.07%",3.64,0.4649,0.2576,5323,0.2073
"370","第13案","臺南市","龍崎區","899","854","1,753","118","1,871","3,713","50.39%","24.21%","23.00%",1.21,0.4872,0.2428,676,0.2444
"371","第13案","臺南市","永康區","48,369","50,117","98,486","3,912","102,398","195,001","52.51%","24.8%","25.70%",-0.9,0.5089,0.3481,38892,0.1608
"372","第13案","臺南市","東區","39,193","42,054","81,247","3,036","84,283","153,359","54.96%","25.56%","27.42%",-1.86,0.5176,0.4061,36041,0.1115
"373","第13案","臺南市","南區","29,421","25,046","54,467","2,497","56,964","108,650","52.43%","27.08%","23.05%",4.03,0.4598,0.3302,21036,0.1296
"374","第13案","臺南市","北區","29,375","28,648","58,023","2,485","60,508","110,906","54.56%","26.49%","25.83%",0.66,0.4937,0.3752,24690,0.1185
"375","第13案","臺南市","安南區","43,287","37,148","80,435","3,855","84,290","159,654","52.8%","27.11%","23.27%",3.84,0.4618,0.2913,27865,0.1705
"376","第13案","臺南市","安平區","13,735","13,614","27,349","1,023","28,372","55,379","51.23%","24.8%","24.58%",0.22,0.4978,0.3684,11056,0.1294
"377","第13案","臺南市","中西區","19,112","16,001","35,113","1,560","36,673","65,261","56.19%","29.29%","24.52%",4.77,0.4557,0.3498,13835,0.1059
"378","第13案","桃園市","","372,182","524,453","896,635","39,083","935,718","1,801,823","51.93%","20.66%","29.11%",-8.45,0.5849,NA,NA,NA
"379","第13案","桃園市","桃園區","76,752","100,610","177,362","6,677","184,039","359,790","51.15%","21.33%","27.96%",-6.63,0.5673,0.3798,73799,0.1875
"380","第13案","桃園市","中壢區","65,661","104,366","170,027","7,201","177,228","334,402","53%","19.64%","31.21%",-11.57,0.6138,0.4569,88154,0.1569
"381","第13案","桃園市","大溪區","17,905","21,660","39,565","2,146","41,711","78,285","53.28%","22.87%","27.67%",-4.8,0.5475,0.341,16271,0.2065
"382","第13案","桃園市","楊梅區","25,154","42,561","67,715","2,889","70,604","137,917","51.19%","18.24%","30.86%",-12.62,0.6285,0.4185,32538,0.21
"383","第13案","桃園市","蘆竹區","28,046","35,267","63,313","2,857","66,170","129,252","51.19%","21.7%","27.29%",-5.59,0.557,0.335,24164,0.222
"384","第13案","桃園市","大園區","16,658","19,025","35,683","1,665","37,348","73,900","50.54%","22.54%","25.74%",-3.2,0.5332,0.308,13865,0.2252
"385","第13案","桃園市","龜山區","28,405","34,199","62,604","2,644","65,248","131,702","49.54%","21.57%","25.97%",-4.4,0.5463,0.3696,26791,0.1767
"386","第13案","桃園市","八德區","33,762","46,266","80,028","3,903","83,931","165,065","50.85%","20.45%","28.03%",-7.58,0.5781,0.3861,36314,0.192
"387","第13案","桃園市","龍潭區","19,021","33,219","52,240","2,425","54,665","101,574","53.82%","18.73%","32.70%",-13.97,0.6359,0.4577,27385,0.1782
"388","第13案","桃園市","平鎮區","36,737","57,455","94,192","3,912","98,104","183,560","53.45%","20.01%","31.30%",-11.29,0.61,0.4262,45697,0.1838
"389","第13案","桃園市","新屋區","9,811","12,325","22,136","1,140","23,276","41,461","56.14%","23.66%","29.73%",-6.07,0.5568,0.3194,9164,0.2374
"390","第13案","桃園市","觀音區","12,464","14,403","26,867","1,326","28,193","55,149","51.12%","22.6%","26.12%",-3.52,0.5361,0.298,10126,0.2381
"391","第13案","桃園市","復興區","1,806","3,097","4,903","298","5,201","9,766","53.26%","18.49%","31.71%",-13.22,0.6317,0.4235,2966,0.2082
