"","countryname","townname","ref","vot","rate","party"
"1","臺南市","七股區",28.8529166666667,43.39,0.664966966274871,"民主進步黨"
"2","澎湖縣","七美鄉",19.43,51.36,0.378309968847352,"中國國民黨"
"3","基隆市","七堵區",37.4938461538462,57.5,0.652066889632107,"民主進步黨"
"4","屏東縣","九如鄉",36.1992857142857,67.75,0.534306800210859,"民主進步黨"
"5","彰化縣","二水鄉",40.6670588235294,45.79,0.88812096142235,"中國國民黨"
"6","彰化縣","二林鎮",36.4928205128205,54.42,0.670577370687624,"中國國民黨"
"7","雲林縣","二崙鄉",30.1804347826087,47.22,0.639145166933687,"中國國民黨"
"8","新北市","八里區",38.0745,54,0.705083333333333,"中國國民黨"
"9","桃園市","八德區",37.6117821782178,54.93,0.684722049485123,"民主進步黨"
"10","高雄市","三民區",41.5677777777778,52.79,0.787417650649323,"中國國民黨"
"12","新北市","三芝區",32.935,59.4,0.55446127946128,"中國國民黨"
"13","宜蘭縣","三星鄉",35.0390476190476,47.48,0.737974886669074,"中國國民黨"
"14","新北市","三重區",38.858170212766,49.78,0.780598035612012,"中國國民黨"
"15","新北市","三峽區",37.5844285714286,57.36,0.655237597130903,"中國國民黨"
"16","苗栗縣","三義鄉",44.578125,59.08,0.754538337846987,"中國國民黨"
"17","苗栗縣","三灣鄉",38.8744444444444,67.26,0.577972709551657,"中國國民黨"
"18","臺南市","下營區",30.8252631578947,42.59,0.723767625214715,"民主進步黨"
"19","雲林縣","口湖鄉",29.3164,53.85,0.544408542246982,"中國國民黨"
"20","新北市","土城區",39.1682394366197,56.15,0.697564371088508,"中國國民黨"
"21","雲林縣","土庫鎮",34.4493103448276,58.4,0.589885451110061,"中國國民黨"
"22","臺北市","士林區",39.6646625766871,41.21,0.962500911834194,"無"
"23","臺南市","大內區",31.18,39.13,0.796831075900843,"民主進步黨"
"24","臺中市","大甲區",41.8898148148148,54.71,0.765670166602354,"中國國民黨"
"25","臺北市","大同區",39.3926829268293,45.29,0.869787655703892,"無"
"26","宜蘭縣","大同鄉",32.553,86.02,0.378435247616833,"中國國民黨"
"27","臺中市","大安區",41.50875,56.62,0.733111091487107,"中國國民黨"
"28","臺北市","大安區",41.8668617021277,38.53,1.08660424869265,"無"
"29","彰化縣","大村鄉",42.0225925925926,50.73,0.82835782756934,"中國國民黨"
"30","臺中市","大肚區",42.7981818181818,56.1,0.762890941500567,"中國國民黨"
"31","臺中市","大里區",41.2016981132075,54.63,0.75419546244202,"中國國民黨"
"32","嘉義縣","大林鎮",34.1812,45.35,0.753719955898567,"民主進步黨"
"33","臺東縣","大武鄉",28.9,62.83,0.459971351265319,"中國國民黨"
"34","高雄市","大社區",38.91125,48.89,0.795893843321743,"中國國民黨"
"35","彰化縣","大城鄉",25.4505882352941,50.78,0.50119315154183,"中國國民黨"
"36","嘉義縣","大埔鄉",36.5877777777778,56.07,0.652537502724769,"民主進步黨"
"37","雲林縣","大埤鄉",33.3438888888889,53.96,0.617937155094309,"中國國民黨"
"38","苗栗縣","大湖鄉",37.8493333333333,61.84,0.612052608883139,"中國國民黨"
"39","臺中市","大雅區",43.2619565217391,57.04,0.758449448137081,"中國國民黨"
"40","桃園市","大園區",35.926,61.42,0.584923477694562,"民主進步黨"
"41","桃園市","大溪區",37.1481355932203,60.25,0.616566565862578,"民主進步黨"
"42","高雄市","大寮區",39.9975308641975,52.17,0.76667684232696,"中國國民黨"
"43","高雄市","大樹區",37.80375,48.33,0.782200496585971,"中國國民黨"
"44","高雄市","小港區",41.8707865168539,51.7,0.809879816573577,"中國國民黨"
"45","臺南市","山上區",28.4688888888889,37.37,0.761811316266762,"民主進步黨"
"46","基隆市","中山區",36.6497142857143,54.49,0.672595233725716,"民主進步黨"
"47","臺北市","中山區",40.4724812030075,41.55,0.974066936293803,"無"
"48","基隆市","中正區",34.0554285714286,52.79,0.645111357670554,"民主進步黨"
"49","臺北市","中正區",42.493125,41.65,1.0202430972389,"無"
"50","臺南市","中西區",37.4621153846154,37.54,0.997925289947133,"民主進步黨"
"51","新北市","中和區",41.6879918032787,63.31,0.658474045226326,"中國國民黨"
"52","嘉義縣","中埔鄉",31.3911764705882,48.74,0.644053682203288,"民主進步黨"
"53","臺中市","中區",39.55,53.29,0.74216550947645,"中國國民黨"
"54","南投縣","中寮鄉",40.4516666666667,70.31,0.575333048878775,"中國國民黨"
"55","桃園市","中壢區",40.3474285714286,48.8,0.826791569086651,"民主進步黨"
"56","新北市","五股區",37.7079166666667,52.23,0.721958963558619,"中國國民黨"
"57","新竹縣","五峰鄉",28.8483333333333,45.33,0.636407088756526,"中國國民黨"
"58","宜蘭縣","五結鄉",37.9815151515152,47.07,0.806915554525497,"中國國民黨"
"59","高雄市","仁武區",41.5327659574468,51.4,0.808030466098187,"中國國民黨"
"60","基隆市","仁愛區",37.8102857142857,55.87,0.676754711191797,"民主進步黨"
"61","南投縣","仁愛鄉",37.772,84.82,0.445319500117897,"中國國民黨"
"62","臺南市","仁德區",37.0475510204082,36.41,1.0175103273938,"民主進步黨"
"63","雲林縣","元長鄉",26.5308,53.11,0.49954434193184,"中國國民黨"
"64","高雄市","內門區",30.2716666666667,53.81,0.562565818001611,"中國國民黨"
"65","屏東縣","內埔鄉",32.2605,61.3,0.526272430668842,"民主進步黨"
"66","臺北市","內湖區",42.7838666666667,43.7,0.979035850495805,"無"
"67","苗栗縣","公館鄉",42.7810714285714,61.4,0.696760120986505,"中國國民黨"
"68","臺南市","六甲區",31.8694736842105,43.24,0.737036856711622,"民主進步黨"
"69","嘉義縣","六腳鄉",26.0883333333333,60.65,0.430145644407804,"民主進步黨"
"70","高雄市","六龜區",30.5183333333333,54.29,0.562135445447289,"中國國民黨"
"71","臺中市","太平區",40.6010752688172,56.62,0.717080100120403,"中國國民黨"
"72","嘉義縣","太保市",35.2612121212121,51.8,0.680718380718381,"民主進步黨"
"74","臺北市","文山區",44.2908641975309,38.83,1.14063518407239,"無"
"75","雲林縣","斗六市",42.1549275362319,55.08,0.765340006104428,"中國國民黨"
"76","雲林縣","斗南鎮",39.5084848484848,52.06,0.758902897589029,"中國國民黨"
"77","嘉義縣","水上鄉",35.9541025641026,50.45,0.712668038931666,"民主進步黨"
"78","南投縣","水里鄉",38.93,69.89,0.557018171412219,"中國國民黨"
"79","雲林縣","水林鄉",27.2657692307692,46.07,0.591833497520496,"中國國民黨"
"80","宜蘭縣","冬山鄉",38.2674358974359,45.83,0.834986600424087,"中國國民黨"
"81","臺中市","北屯區",43.4532116788321,60.67,0.716222378091843,"中國國民黨"
"82","彰化縣","北斗鎮",41.633,49.47,0.841580756013746,"中國國民黨"
"83","臺北市","北投區",40.2041843971631,41.8,0.961822593233567,"無"
"84","臺南市","北門區",27.1094444444444,42.63,0.635924101441343,"民主進步黨"
"85","連江縣","北竿鄉",41.45,77.38,0.535668131300078,"中國國民黨"
"86","新竹縣","北埔鄉",41.717,46.27,0.901599308407175,"中國國民黨"
"87","新竹市","北區",41.0215238095238,48.23,0.850539577224213,"民主進步黨"
"88","臺中市","北區",42.0058620689655,59.67,0.703969533584138,"中國國民黨"
"89","臺南市","北區",37.6088888888889,34.49,1.09042878773235,"民主進步黨"
"90","雲林縣","北港鎮",36.4209756097561,49.22,0.739962933964976,"中國國民黨"
"91","雲林縣","古坑鄉",35.0711111111111,54.35,0.645282633139119,"中國國民黨"
"92","雲林縣","四湖鄉",25.3296,51.31,0.493658156304814,"中國國民黨"
"93","臺中市","外埔區",44.0535,60.07,0.733369402363909,"中國國民黨"
"94","高雄市","左營區",43.8129126213592,61.99,0.706773876776242,"中國國民黨"
"95","臺南市","左鎮區",27.553,41.8,0.659162679425837,"民主進步黨"
"96","嘉義縣","布袋鎮",31.9724137931034,54.47,0.586972898716788,"民主進步黨"
"97","新北市","平溪區",32.3608333333333,53.28,0.607372997997998,"中國國民黨"
"98","桃園市","平鎮區",40.39968,51.77,0.780368553216148,"民主進步黨"
"99","嘉義縣","民雄鄉",36.2953333333333,44.72,0.811612999403697,"民主進步黨"
"100","高雄市","永安區",41.9575,49.62,0.845576380491737,"中國國民黨"
"101","新北市","永和區",44.4139855072464,67.46,0.658375118696211,"中國國民黨"
"102","臺南市","永康區",36.8123943661972,34.7,1.06087591833421,"民主進步黨"
"103","彰化縣","永靖鄉",42.2055882352941,46.77,0.902407274648153,"中國國民黨"
"104","臺南市","玉井區",32.79875,32.54,1.00795175169023,"民主進步黨"
"105","花蓮縣","玉里鎮",30.8291304347826,76.13,0.404953769010674,"中國國民黨"
"106","彰化縣","田中鎮",39.3980555555556,49.06,0.803058613036192,"中國國民黨"
"107","彰化縣","田尾鄉",41.8188,49.86,0.838724428399519,"中國國民黨"
"108","高雄市","田寮區",29.6941666666667,43.58,0.681371424200704,"中國國民黨"
"109","高雄市","甲仙區",31.9685714285714,60.17,0.531304162017142,"中國國民黨"
"110","澎湖縣","白沙鄉",31.0433333333333,38.13,0.814144593058834,"中國國民黨"
"111","臺南市","白河區",27.1003125,46.44,0.583555394056848,"民主進步黨"
"112","臺中市","石岡區",42.464,59.43,0.71452128554602,"中國國民黨"
"113","新北市","石門區",35.846,58.7,0.610664395229983,"中國國民黨"
"114","新北市","石碇區",33.7030769230769,47.73,0.706119357282148,"中國國民黨"
"115","花蓮縣","光復鄉",32.2952941176471,77.36,0.417467607518706,"中國國民黨"
"116","花蓮縣","吉安鄉",39.5405084745763,68.51,0.577149444965352,"中國國民黨"
"117","南投縣","名間鄉",42.2927027027027,64.75,0.653169153709694,"中國國民黨"
"118","臺中市","后里區",42.2994594594595,57.18,0.739759696737661,"中國國民黨"
"119","臺南市","安平區",35.4153125,34.24,1.03432571553738,"民主進步黨"
"120","臺南市","安定區",36.4316666666667,40.09,0.908746985948283,"民主進步黨"
"121","臺南市","安南區",36.1944444444444,38.42,0.942072994389496,"民主進步黨"
"122","基隆市","安樂區",38.4087755102041,54.96,0.698849627187119,"民主進步黨"
"123","新竹縣","尖石鄉",31.658,51.39,0.616034247908153,"中國國民黨"
"124","臺東縣","成功鎮",30.5182352941176,60.8,0.501944659442724,"中國國民黨"
"125","嘉義縣","朴子市",35.428,53.77,0.658880416589176,"民主進步黨"
"126","新北市","汐止區",38.6520720720721,61.28,0.630745301437207,"中國國民黨"
"127","臺東縣","池上鄉",29.4575,58.33,0.505014572261272,"中國國民黨"
"128","南投縣","竹山鎮",38.9356603773585,68,0.572583240843507,"中國國民黨"
"129","新竹縣","竹北市",44.4543689320388,33.5,1.32699608752355,"中國國民黨"
"130","屏東縣","竹田鄉",39.1075,61.83,0.632500404334466,"民主進步黨"
"131","新竹縣","竹東鎮",40.5420833333333,42.05,0.96413991280222,"中國國民黨"
"132","苗栗縣","竹南鎮",41.5470491803279,54.16,0.767116860788919,"中國國民黨"
"133","嘉義縣","竹崎鄉",33.2125,42.08,0.789270437262357,"民主進步黨"
"134","彰化縣","竹塘鄉",35.093125,46.23,0.759098529093662,"中國國民黨"
"135","臺中市","西屯區",43.7344166666667,60.3,0.725280541735766,"中國國民黨"
"136","嘉義市","西區",38.7097916666667,39.21,0.987242837711468,"中國國民黨"
"137","臺中市","西區",42.7674242424242,56.11,0.762206812376123,"中國國民黨"
"138","臺南市","西港區",31.6205,43.79,0.722094085407627,"民主進步黨"
"139","苗栗縣","西湖鄉",40.6555555555556,60.1,0.676465150674801,"中國國民黨"
"140","澎湖縣","西嶼鄉",19.4025,38.54,0.503437986507525,"中國國民黨"
"141","雲林縣","西螺鎮",36.2088235294118,46.89,0.772207795466235,"中國國民黨"
"142","彰化縣","伸港鄉",41.1664285714286,62.3,0.660777344645723,"中國國民黨"
"143","宜蘭縣","壯圍鄉",38.2086956521739,45.66,0.836808927993297,"中國國民黨"
"144","高雄市","杉林區",28.818,56.45,0.510504871567759,"中國國民黨"
"145","臺中市","沙鹿區",42.7254716981132,55.63,0.768029331262146,"中國國民黨"
"146","屏東縣","牡丹鄉",27.6457142857143,42.46,0.651100195141646,"民主進步黨"
"147","彰化縣","秀水鄉",42.41625,58.9,0.720140067911715,"中國國民黨"
"148","花蓮縣","秀林鄉",33.2357142857143,80.55,0.412609736632083,"中國國民黨"
"149","新竹縣","芎林鄉",43.4236842105263,40.07,1.08369563789684,"中國國民黨"
"150","屏東縣","車城鄉",26.5661538461538,64.93,0.409150682984042,"民主進步黨"
"152","屏東縣","里港鄉",35.6255,62.71,0.568099186732579,"民主進步黨"
"153","屏東縣","佳冬鄉",33.02125,61.32,0.538507012393999,"民主進步黨"
"154","臺南市","佳里區",35.9139024390244,40.53,0.886106647891053,"民主進步黨"
"155","屏東縣","來義鄉",40.2555555555556,42.42,0.948975849965949,"民主進步黨"
"156","臺東縣","卑南鄉",33.4313636363636,59.3,0.56376667177679,"中國國民黨"
"157","花蓮縣","卓溪鄉",36.268,88.1,0.4116685584563,"中國國民黨"
"158","苗栗縣","卓蘭鎮",41.8026315789474,61.94,0.674889111704026,"中國國民黨"
"159","臺中市","和平區",44.1094117647059,70.15,0.628787052953754,"中國國民黨"
"160","彰化縣","和美鎮",41.5636764705882,59.04,0.70399181013869,"中國國民黨"
"161","新北市","坪林區",32.313,44.54,0.725482712168837,"中國國民黨"
"162","臺南市","官田區",31.0295,45.37,0.683921093233414,"民主進步黨"
"163","宜蘭縣","宜蘭市",40.6715384615385,48.45,0.839453838215448,"中國國民黨"
"164","高雄市","岡山區",44.5505555555556,54.93,0.81104233671137,"中國國民黨"
"165","臺東縣","延平鄉",34.586,73.81,0.468581493022626,"中國國民黨"
"166","臺南市","東山區",24.2030434782609,42.01,0.576125767156888,"民主進步黨"
"167","連江縣","東引鄉",43.67,59.1,0.738917089678511,"中國國民黨"
"168","嘉義縣","東石鄉",24.4977777777778,54.97,0.445657227174418,"民主進步黨"
"169","臺東縣","東河鄉",27.1536363636364,59.09,0.45953014661764,"中國國民黨"
"170","新竹市","東區",42.1823741007194,48.56,0.868665035023052,"民主進步黨"
"171","嘉義市","東區",38.1334567901235,43.64,0.87381889986534,"中國國民黨"
"172","臺中市","東區",42.4569387755102,53.03,0.800621134744677,"中國國民黨"
"173","臺南市","東區",38.4310752688172,32.27,1.19092269193732,"民主進步黨"
"174","屏東縣","東港鎮",34.6636842105263,50.58,0.685323926661256,"民主進步黨"
"175","臺中市","東勢區",42.2146153846154,62.23,0.678364380276641,"中國國民黨"
"176","雲林縣","東勢鄉",32.186,57.56,0.559173036831133,"中國國民黨"
"177","臺北市","松山區",43.1063247863248,39.6,1.08854355521022,"無"
"178","新北市","板橋區",40.0881360946746,53.97,0.742785549280611,"中國國民黨"
"179","屏東縣","枋山鄉",33.7033333333333,62.52,0.539080827468543,"民主進步黨"
"180","屏東縣","枋寮鄉",33.9686363636364,47.53,0.714677811143201,"民主進步黨"
"181","新北市","林口區",41.8567741935484,59.08,0.708476205036364,"中國國民黨"
"182","雲林縣","林內鄉",37.5253333333333,49.63,0.756101820135671,"中國國民黨"
"183","高雄市","林園區",38.18,47.4,0.805485232067511,"中國國民黨"
"184","屏東縣","林邊鄉",35.79875,59.45,0.602165685449958,"民主進步黨"
"185","彰化縣","社頭鄉",41.3563157894737,48.04,0.860872518515272,"中國國民黨"
"186","彰化縣","芬園鄉",39.1795238095238,47.37,0.827095710566262,"中國國民黨"
"187","花蓮縣","花蓮市",40.7634567901235,65.99,0.617721727384808,"中國國民黨"
"188","彰化縣","花壇鄉",42.0235135135135,55.34,0.759369597280692,"中國國民黨"
"189","彰化縣","芳苑鄉",32.6308333333333,47.78,0.682939165620204,"中國國民黨"
"190","雲林縣","虎尾鎮",37.5695652173913,55.93,0.671724749104082,"中國國民黨"
"191","新北市","金山區",34.2221052631579,53.89,0.635036282485765,"中國國民黨"
"192","金門縣","金沙鎮",27.5476923076923,38.56,0.714411107564635,"中國國民黨"
"193","金門縣","金城鎮",27.397619047619,54.28,0.504746113625996,"中國國民黨"
"194","臺東縣","金峰鄉",34.256,72.3,0.473803596127248,"中國國民黨"
"195","金門縣","金湖鎮",27.6611764705882,39.07,0.707990183531821,"中國國民黨"
"196","金門縣","金寧鄉",27.8105882352941,54.92,0.506383616811619,"中國國民黨"
"197","屏東縣","長治鄉",36.2595454545455,57.75,0.627870916961826,"民主進步黨"
"198","臺東縣","長濱鄉",23.88,60.49,0.394775996032402,"中國國民黨"
"200","高雄市","阿蓮區",37.4133333333333,47.12,0.794001131861913,"中國國民黨"
"201","基隆市","信義區",39.38,49.65,0.793152064451158,"民主進步黨"
"202","臺北市","信義區",42.2823943661972,38.94,1.08583447268098,"無"
"203","南投縣","信義鄉",36.3105,80.96,0.448499258893281,"中國國民黨"
"204","高雄市","前金區",41.1304545454545,53.83,0.764080522858156,"中國國民黨"
"205","高雄市","前鎮區",40.5443697478992,52.53,0.771832662248223,"中國國民黨"
"206","臺南市","南化區",31.344,33.17,0.944950256255653,"民主進步黨"
"207","臺中市","南屯區",45.0193069306931,58.19,0.773660541857588,"中國國民黨"
"208","屏東縣","南州鄉",35.0736363636364,54.91,0.638747702852602,"民主進步黨"
"209","苗栗縣","南庄鄉",33.7488888888889,66.42,0.508113352738466,"中國國民黨"
"210","南投縣","南投市",45.2290476190476,68.02,0.664937483373238,"中國國民黨"
"211","連江縣","南竿鄉",42.655,62.12,0.686654861558274,"中國國民黨"
"212","臺中市","南區",45.2071621621622,56.24,0.803825785244704,"中國國民黨"
"213","臺南市","南區",34.533625,39.35,0.87760165184244,"民主進步黨"
"214","臺北市","南港區",42.1172222222222,43.37,0.971114185432839,"無"
"215","宜蘭縣","南澳鄉",42.1942857142857,88.73,0.475535734410974,"中國國民黨"
"216","屏東縣","屏東市",37.8434899328859,52.39,0.722341857852375,"民主進步黨"
"217","臺南市","後壁區",30.1393103448276,45.95,0.655915350268283,"民主進步黨"
"218","苗栗縣","後龍鎮",37.4351428571429,44.67,0.838037673094758,"中國國民黨"
"219","屏東縣","恆春鎮",31.6832,58.05,0.545791559000861,"民主進步黨"
"220","屏東縣","春日鄉",17.3,40.27,0.429600198659051,"民主進步黨"
"221","臺南市","柳營區",32.3888,42.68,0.758875351452671,"民主進步黨"
"222","高雄市","美濃區",37.553125,61.09,0.614718038958913,"中國國民黨"
"223","苗栗縣","苑裡鎮",39.9595,54.92,0.727594683175528,"中國國民黨"
"224","高雄市","苓雅區",42.5634482758621,54.6,0.779550334722749,"中國國民黨"
"225","苗栗縣","苗栗市",44.6107462686567,61.27,0.728100967335674,"中國國民黨"
"226","高雄市","茂林區",47.4566666666667,91.83,0.516788268176703,"中國國民黨"
"227","高雄市","茄萣區",34.4128571428571,47.72,0.721141180696923,"中國國民黨"
"228","新竹市","香山區",41.5074545454545,54.43,0.762584136422093,"民主進步黨"
"229","宜蘭縣","員山鄉",35.6870967741935,42.78,0.834200485605272,"中國國民黨"
"230","彰化縣","員林市",41.1768367346939,49.95,0.824361095789667,"中國國民黨"
"231","彰化縣","埔心鄉",43.0496774193548,47.38,0.908604419994826,"中國國民黨"
"232","南投縣","埔里鎮",42.2782352941176,70.04,0.603629858568213,"中國國民黨"
"233","彰化縣","埔鹽鄉",44.048275862069,60.82,0.724239984578576,"中國國民黨"
"234","新竹縣","峨眉鄉",41.1425,53.52,0.768731315396114,"中國國民黨"
"235","屏東縣","崁頂鄉",34.5508333333333,59.33,0.582350132029889,"民主進步黨"
"236","桃園市","桃園區",37.830787037037,52.11,0.725979409653368,"民主進步黨"
"237","高雄市","桃源區",36.145,88.51,0.408371935374534,"中國國民黨"
"238","新北市","泰山區",40.1729787234043,54.23,0.740788838712968,"中國國民黨"
"239","苗栗縣","泰安鄉",44.944,65.21,0.689219444870419,"中國國民黨"
"240","屏東縣","泰武鄉",40.2942857142857,52.21,0.771773332968506,"民主進步黨"
"241","臺東縣","海端鄉",33.24,74.82,0.444266238973537,"中國國民黨"
"242","金門縣","烈嶼鄉",28.8125,46.28,0.622569144338807,"中國國民黨"
"243","臺中市","烏日區",42.7825,56.91,0.751757160428747,"中國國民黨"
"244","新北市","烏來區",37.49,64.77,0.578817353713139,"中國國民黨"
"245","金門縣","烏坵鄉",23.795,29.67,0.801988540613414,"中國國民黨"
"246","屏東縣","琉球鄉",27.4822222222222,29.05,0.946031746031746,"民主進步黨"
"247","臺中市","神岡區",42.5828571428571,49.19,0.865681177939767,"中國國民黨"
"248","南投縣","草屯鎮",42.9205263157895,53.79,0.797927613232747,"中國國民黨"
"249","新北市","貢寮區",28.5505555555556,45.79,0.623510713159108,"中國國民黨"
"250","澎湖縣","馬公市",35.5916,41.14,0.865133689839572,"中國國民黨"
"251","屏東縣","高樹鄉",30.4022727272727,63.26,0.480592360532291,"民主進步黨"
"252","南投縣","國姓鄉",40.211,68.21,0.589517666031374,"中國國民黨"
"253","彰化縣","埤頭鄉",37.9437037037037,50.67,0.74883962312421,"中國國民黨"
"254","臺南市","將軍區",28.3675,45.68,0.621004816112084,"民主進步黨"
"255","雲林縣","崙背鄉",32.3175,54.85,0.589197812215132,"中國國民黨"
"256","澎湖縣","望安鄉",23.714,28.84,0.822260748959778,"中國國民黨"
"257","嘉義縣","梅山鄉",36.3331818181818,43.22,0.840656682512305,"民主進步黨"
"258","高雄市","梓官區",39.3321428571429,46.81,0.840250862147893,"中國國民黨"
"259","臺中市","梧棲區",42.0791666666667,51.14,0.822822969625864,"中國國民黨"
"260","新北市","淡水區",38.6417708333333,60.33,0.640506726890988,"中國國民黨"
"261","新北市","深坑區",39.618125,59.97,0.6606323995331,"中國國民黨"
"262","臺中市","清水區",42.8257627118644,52.13,0.821518563434959,"中國國民黨"
"263","連江縣","莒光鄉",41.69,67.16,0.620756402620607,"中國國民黨"
"264","苗栗縣","通霄鎮",35.8979411764706,43.22,0.830586329858181,"中國國民黨"
"265","苗栗縣","造橋鄉",41.2833333333333,60.51,0.682256376356525,"中國國民黨"
"266","南投縣","魚池鄉",38.2824,68.99,0.554897811276997,"中國國民黨"
"267","高雄市","鳥松區",42.5225,52.23,0.814139383496075,"中國國民黨"
"268","南投縣","鹿谷鄉",38.1328571428571,72.48,0.526115578681804,"中國國民黨"
"269","嘉義縣","鹿草鄉",29.5325,60.44,0.488625082726671,"民主進步黨"
"270","臺東縣","鹿野鄉",29.41,52.09,0.564599731234402,"中國國民黨"
"271","彰化縣","鹿港鎮",41.5567692307692,57.8,0.71897524620708,"中國國民黨"
"272","雲林縣","麥寮鄉",33.8607142857143,68.02,0.49780526735834,"中國國民黨"
"273","臺南市","麻豆區",32.4837142857143,48.58,0.668664353349409,"民主進步黨"
"274","臺南市","善化區",34.6493103448276,39.4,0.879424120427096,"民主進步黨"
"275","花蓮縣","富里鄉",29.5169230769231,77.81,0.379346139017132,"中國國民黨"
"276","桃園市","復興區",35.177,52.38,0.671573119511264,"民主進步黨"
"277","新竹縣","湖口鄉",42.2927659574468,39.87,1.06076664051785,"中國國民黨"
"278","高雄市","湖內區",36.7804166666667,49.67,0.740495604321858,"中國國民黨"
"279","澎湖縣","湖西鄉",30.8904347826087,31.28,0.987545869009229,"中國國民黨"
"280","嘉義縣","番路鄉",37.84,32.66,1.1586037966932,"民主進步黨"
"281","雲林縣","莿桐鄉",35.5568181818182,46.94,0.757495061393655,"中國國民黨"
"282","南投縣","集集鎮",39.8807692307692,68.63,0.581098196572479,"中國國民黨"
"283","臺南市","新化區",36.0783783783784,38.46,0.938075360852272,"民主進步黨"
"284","臺南市","新市區",37.362962962963,37.42,0.998475760635034,"民主進步黨"
"285","新北市","新店區",42.6914204545455,68.73,0.621146812957158,"中國國民黨"
"286","臺中市","新社區",38.0195652173913,58.51,0.649796021490195,"中國國民黨"
"287","花蓮縣","新城鄉",38.0678947368421,71.41,0.533089129489457,"中國國民黨"
"288","桃園市","新屋區",39.9776666666667,61.28,0.652377067014795,"民主進步黨"
"289","新竹縣","新埔鎮",41.981,35.99,1.16646290636288,"中國國民黨"
"290","屏東縣","新埤鄉",32.7683333333333,57.1,0.573876240513719,"民主進步黨"
"291","新北市","新莊區",40.6757707509881,51.72,0.786461151411217,"中國國民黨"
"292","嘉義縣","新港鄉",34.8922580645161,58.72,0.594214204095983,"民主進步黨"
"293","屏東縣","新園鄉",33.6139285714286,58.2,0.577558910162003,"民主進步黨"
"294","高雄市","新興區",41.5402380952381,53.34,0.778782116521149,"中國國民黨"
"295","臺南市","新營區",34.7885714285714,35.26,0.98662993274451,"民主進步黨"
"296","新竹縣","新豐鄉",41.6164102564103,33.97,1.22509303080395,"中國國民黨"
"297","基隆市","暖暖區",38.4382142857143,53.24,0.72197998282709,"民主進步黨"
"298","桃園市","楊梅區",38.7558536585366,51.8,0.748182503060552,"民主進步黨"
"299","臺南市","楠西區",30.3088888888889,28.48,1.06421660424469,"民主進步黨"
"300","高雄市","楠梓區",42.7029292929293,56.58,0.754735406379097,"中國國民黨"
"301","嘉義縣","溪口鄉",32.5452941176471,54.43,0.597929342598697,"民主進步黨"
"302","彰化縣","溪州鄉",34.9137037037037,48.28,0.723150449538188,"中國國民黨"
"303","彰化縣","溪湖鎮",42.3233333333333,53.67,0.788584559965219,"中國國民黨"
"304","屏東縣","獅子鄉",32.41875,33.88,0.956869834710744,"民主進步黨"
"305","苗栗縣","獅潭鄉",35.7714285714286,69.92,0.511605099705786,"中國國民黨"
"306","新北市","瑞芳區",33.5828260869565,62.49,0.537411203183814,"中國國民黨"
"307","花蓮縣","瑞穗鄉",31.7669230769231,75.78,0.419199301622105,"中國國民黨"
"308","嘉義縣","義竹鄉",33.3826923076923,70.93,0.470642778904445,"民主進步黨"
"309","屏東縣","萬丹鄉",35.5553846153846,58.29,0.609974002665717,"民主進步黨"
"310","新北市","萬里區",34.895625,57.05,0.611667397020158,"中國國民黨"
"311","臺北市","萬華區",39.1935897435897,41.59,0.94238013329141,"無"
"312","花蓮縣","萬榮鄉",32.47,83.7,0.387933094384707,"中國國民黨"
"313","屏東縣","萬巒鄉",33.2677777777778,66.98,0.496682260044458,"民主進步黨"
"314","高雄市","路竹區",40.2592682926829,52.43,0.767867028279285,"中國國民黨"
"315","臺東縣","達仁鄉",40.53,69.11,0.586456373896686,"中國國民黨"
"316","高雄市","鼓山區",41.884025974026,57.04,0.734292180470301,"中國國民黨"
"317","花蓮縣","壽豐鄉",37.9033333333333,71.53,0.529894216878699,"中國國民黨"
"318","彰化縣","彰化市",43.3902173913043,53.12,0.816833911733892,"中國國民黨"
"319","高雄市","旗山區",37.59,52.34,0.718188765762323,"中國國民黨"
"320","高雄市","旗津區",32.9027777777778,45.49,0.723296939498302,"中國國民黨"
"321","屏東縣","滿州鄉",30.35625,60.64,0.500597790237467,"民主進步黨"
"322","屏東縣","瑪家鄉",40.21,47.18,0.852267910131412,"民主進步黨"
"323","彰化縣","福興鄉",37.6578787878788,57.65,0.653215590422876,"中國國民黨"
"324","臺東縣","綠島鄉",32.6475,65.81,0.496087220787114,"中國國民黨"
"325","雲林縣","臺西鄉",30.0372727272727,63.59,0.472358432572303,"中國國民黨"
"326","臺東縣","臺東市",38.9036231884058,56.04,0.694211691441931,"中國國民黨"
"327","苗栗縣","銅鑼鄉",41.371875,59.22,0.698613221884499,"中國國民黨"
"328","高雄市","鳳山區",43.047850877193,56.54,0.761369842185939,"中國國民黨"
"329","花蓮縣","鳳林鎮",37.3753333333333,76.26,0.490104030072559,"中國國民黨"
"330","臺中市","潭子區",42.8352727272727,55.68,0.769311650992685,"中國國民黨"
"331","屏東縣","潮州鎮",35.6275,54.22,0.657091479158982,"民主進步黨"
"332","彰化縣","線西鄉",42.2775,66.82,0.632707273271476,"中國國民黨"
"333","雲林縣","褒忠鄉",33.9471428571429,54.55,0.622312426345424,"中國國民黨"
"334","臺南市","學甲區",31.9584615384615,47.08,0.678811842363244,"民主進步黨"
"335","新北市","樹林區",39.2848648648649,54.13,0.725750320799277,"中國國民黨"
"336","高雄市","橋頭區",41.6738709677419,44.45,0.937544903661236,"中國國民黨"
"337","新竹縣","橫山鄉",41.133125,44.23,0.929982477956138,"中國國民黨"
"338","高雄市","燕巢區",37.7036,50.88,0.741029874213836,"中國國民黨"
"339","苗栗縣","頭份市",42.2181690140845,61.89,0.682148473325004,"中國國民黨"
"340","宜蘭縣","頭城鎮",37.138125,54.9,0.676468579234973,"中國國民黨"
"341","苗栗縣","頭屋鄉",45.37,65.46,0.693095019859456,"中國國民黨"
"342","臺中市","龍井區",41.304,55,0.750981818181818,"中國國民黨"
"343","臺南市","龍崎區",31.14375,29.24,1.06510772913817,"民主進步黨"
"344","桃園市","龍潭區",40.2096875,47.81,0.841030903576658,"民主進步黨"
"345","桃園市","龜山區",35.6592307692308,55.18,0.646234700421,"民主進步黨"
"346","高雄市","彌陀區",38.6138888888889,52.77,0.731739414229465,"中國國民黨"
"347","宜蘭縣","礁溪鄉",37.59,45.91,0.818775865824439,"中國國民黨"
"348","臺南市","歸仁區",36.3071739130435,37.57,0.966387381236185,"民主進步黨"
"349","臺中市","豐原區",44.1009090909091,51.64,0.854006760087318,"中國國民黨"
"350","花蓮縣","豐濱鄉",24.8728571428571,77.7,0.320113991542563,"中國國民黨"
"351","新北市","雙溪區",33.5329411764706,55.82,0.600733449954686,"中國國民黨"
"352","宜蘭縣","羅東鎮",41.1292,52.71,0.780292164674635,"中國國民黨"
"353","臺東縣","關山鎮",34.7211111111111,61.09,0.568359978901802,"中國國民黨"
"354","新竹縣","關西鎮",41.3585185185185,35.7,1.15850191928623,"中國國民黨"
"355","臺南市","關廟區",35.3640625,37.11,0.952952371328483,"民主進步黨"
"356","臺中市","霧峰區",43.8381395348837,55.83,0.785207586152315,"中國國民黨"
"357","屏東縣","霧臺鄉",35.94,52.81,0.680552925582276,"民主進步黨"
"358","新竹縣","寶山鄉",43.4466666666667,45.93,0.945932215690544,"中國國民黨"
"359","桃園市","蘆竹區",37.1556578947368,58.15,0.63896230257501,"民主進步黨"
"360","新北市","蘆洲區",37.65,49.44,0.761529126213592,"中國國民黨"
"361","宜蘭縣","蘇澳鎮",37.1076744186047,49.44,0.750559757657861,"中國國民黨"
"362","臺東縣","蘭嶼鄉",23.175,51.86,0.446876205167759,"中國國民黨"
"363","新北市","鶯歌區",37.847,53.49,0.707552813610021,"中國國民黨"
"364","屏東縣","麟洛鄉",39.325,62.31,0.631118600545659,"民主進步黨"
"365","臺南市","鹽水區",31.0354838709677,45.92,0.675859840395639,"民主進步黨"
"366","屏東縣","鹽埔鄉",34.439,56.37,0.610945538406954,"民主進步黨"
"367","高雄市","鹽埕區",38.6075,48.28,0.799658243579122,"中國國民黨"
"368","桃園市","觀音區",36.4448780487805,62.65,0.581721916181652,"民主進步黨"
