"","countryname","townname","ref7","ref8","ref9","ref10","ref11","ref12","ref13","ref14","ref15","ref16","vot","rate","party","V16","V17"
"1","臺南市","七股區",0.794612343971025,0.75234972347969,0.755637496947562,0.787580121062943,0.726637793476236,0.661426220118548,0.603276038881731,0.298752701054745,0.3166742909459,0.593441355544854,43.39,0.505232703108591,"民主進步黨",0.794612343971025,"ref7"
"2","澎湖縣","七美鄉",0.795050067128551,0.762964062284945,0.756616155894882,0.742709974328896,0.678956749373896,0.562657107746981,0.476298589711948,0.335836136437035,0.351331199362623,0.623670549997128,51.36,0.506061881281589,"中國國民黨",0.795050067128551,"ref7"
"3","基隆市","七堵區",0.785943382313264,0.763103507668784,0.76338783419156,0.72952036996766,0.673682786456566,0.61159735992023,0.457108572114952,0.333613664026727,0.344956537291598,0.587808602540116,57.5,0.488811104969244,"民主進步黨",0.785943382313264,"ref7"
"4","屏東縣","九如鄉",0.784817829039406,0.737962332257568,0.750973827078216,0.762669178434839,0.690555178922319,0.615215944671879,0.573011384776403,0.309532688733215,0.318547865366067,0.567559276916592,67.75,0.486678971470744,"民主進步黨",0.784817829039406,"ref7"
"5","彰化縣","二水鄉",0.77748697789677,0.749413338650605,0.753242533389032,0.778833991853069,0.719623872725504,0.64854991382602,0.481870733922772,0.298393132061476,0.290376643457403,0.580484450275497,49.11,0.475343799683783,"民主進步黨",0.778833991853069,"ref10"
"6","彰化縣","二林鎮",0.807885637499865,0.767453445820673,0.772810034689492,0.776246942027679,0.711887491741116,0.61541953217814,0.431446634346491,0.266887136008631,0.303824201658572,0.590622889556052,54.42,0.530376278651004,"中國國民黨",0.807885637499865,"ref7"
"7","雲林縣","二崙鄉",0.765717545764899,0.738349907365945,0.739654061499697,0.768116670048904,0.684246837394055,0.587050816432889,0.555002821275281,0.298615124931096,0.325220827119911,0.589441439583071,48.78,0.455041996682902,"民主進步黨",0.768116670048904,"ref10"
"8","新北市","八里區",0.783895675335821,0.751713789320519,0.774542273091018,0.720523476955448,0.667212973631733,0.580111701742128,0.45536180123625,0.342502469299399,0.347052822892908,0.586159220217639,54,0.484932137404473,"中國國民黨",0.783895675335821,"ref7"
"9","桃園市","八德區",0.795398202119402,0.777715686253286,0.796134760151266,0.731602732632819,0.676051799702971,0.60029746171025,0.420450605461548,0.31777896735552,0.331285739431867,0.600399835451383,54.93,0.508116613281429,"民主進步黨",0.796134760151266,"ref9"
"10","高雄市","三民區",0.77315407917119,0.74302641328129,0.760734444789681,0.719867202021022,0.681233547586408,0.628850204864411,0.503743787213961,0.342880685676414,0.348381128364289,0.58745894843158,52.79,0.464584351527164,"中國國民黨",0.77315407917119,"ref7"
"11","屏東縣","三地門鄉",0.789847725011253,0.767377245434004,0.726860676222484,0.789062728745999,0.723857364416182,0.668407487929337,0.377241623262087,0.265463253536865,0.280898964992941,0.589157206076234,56.14,0.496207094167935,"中國國民黨",0.789847725011253,"ref7"
"12","新北市","三芝區",0.779971962457843,0.752651467433413,0.753636229527063,0.736750216363712,0.654716761610791,0.587138097509373,0.471548105135704,0.332275579039685,0.350454786887002,0.577849162106376,59.4,0.47749945530942,"中國國民黨",0.779971962457843,"ref7"
"13","宜蘭縣","三星鄉",0.774758123867045,0.753716483007454,0.74986407516587,0.732295826413147,0.688759928382812,0.593504681107042,0.544980442370317,0.315129835043355,0.336855599748013,0.575456899253817,47.48,0.46762289044714,"中國國民黨",0.774758123867045,"ref7"
"14","新北市","三重區",0.764678966064613,0.739184973660996,0.756107065436834,0.693251782814268,0.642822045040702,0.585105197661068,0.507873445861288,0.363244748960269,0.375050102052398,0.569282546137679,50.22,0.448529960342135,"民主進步黨",0.764678966064613,"ref7"
"15","新北市","三峽區",0.780352672367013,0.76645381778839,0.772478033298964,0.725819588320072,0.664070660008983,0.599658730321074,0.461241447421127,0.331620298116046,0.344924255427469,0.583375260652479,57.36,0.478220633390818,"中國國民黨",0.780352672367013,"ref7"
"16","苗栗縣","三義鄉",0.824540910970104,0.795187039978167,0.803418842536948,0.785571168521924,0.712436250456373,0.611640544662933,0.344308243788133,0.253303050712346,0.280814061123883,0.582141103365189,59.08,0.561926332582125,"中國國民黨",0.824540910970104,"ref7"
"17","苗栗縣","三灣鄉",0.793285640364933,0.766858885248236,0.753235838466677,0.796893514461324,0.705696372910569,0.590697262784695,0.369415382071143,0.244333721500211,0.269975187011452,0.578692646943311,67.26,0.509553920176783,"中國國民黨",0.796893514461324,"ref10"
"18","臺南市","下營區",0.78675862610871,0.751882829727156,0.761525663128018,0.757100531364511,0.702397097540743,0.627416559852947,0.590325722164888,0.330492879485165,0.348459015169327,0.588163586619032,42.59,0.490355419792972,"民主進步黨",0.78675862610871,"ref7"
"19","雲林縣","口湖鄉",0.788265804024907,0.750509015757359,0.744643149749762,0.795501031875878,0.69792391365241,0.606978616422272,0.542476286212674,0.282086558049391,0.295563178877316,0.605464689599122,53.85,0.506916142973817,"中國國民黨",0.795501031875878,"ref10"
"20","新北市","土城區",0.778354442425103,0.760779853127996,0.771600023521318,0.698251070131633,0.647599672126401,0.594872943707944,0.466366933384082,0.352450748422301,0.362891327718934,0.592065013127255,56.15,0.474435390083544,"中國國民黨",0.778354442425103,"ref7"
"21","雲林縣","土庫鎮",0.783985915598701,0.745978336121794,0.756858963315813,0.75887503978983,0.685709281176528,0.592428568758507,0.498786058342669,0.300909240257044,0.327910482586451,0.591043199853183,58.4,0.485103079368632,"中國國民黨",0.783985915598701,"ref7"
"22","臺北市","士林區",0.752998104217411,0.733350342646789,0.747009341152911,0.659302028676921,0.622450677685668,0.589188485915543,0.476472999762736,0.385990811383436,0.395623654871272,0.568016082062751,41.21,0.426402925208204,"無",0.752998104217411,"ref7"
"23","臺南市","大內區",0.803135456959583,0.758312407568597,0.75306654586678,0.798146330898782,0.720352880689715,0.625762594563748,0.561709516728761,0.282509333223356,0.307611617500333,0.585708772834898,39.13,0.521378020381858,"民主進步黨",0.803135456959583,"ref7"
"24","臺中市","大甲區",0.803899112758327,0.76788753866131,0.792617051990658,0.749732825391325,0.694058830096663,0.620624572975618,0.442129292582978,0.296145846679388,0.311103960518101,0.594379076994563,54.71,0.522824612158225,"中國國民黨",0.803899112758327,"ref7"
"25","臺北市","大同區",0.742408238817408,0.713420322569612,0.736253339290408,0.655207469101595,0.614853533167695,0.573265631960912,0.522671544944245,0.398721674289517,0.408480344241391,0.552005648763783,45.29,0.406342562639531,"無",0.742408238817408,"ref7"
"26","宜蘭縣","大同鄉",0.791470344499701,0.757428211009588,0.757215161840939,0.86608492448002,0.789080432816322,0.733192663590889,0.386498441420057,0.200651303810662,0.196169134676508,0.590254875044894,86.02,0.640623081038113,"中國國民黨",0.86608492448002,"ref10"
"27","臺中市","大安區",0.812566419248609,0.781354998953643,0.783889832007436,0.775920971589684,0.692491141341035,0.595691572202773,0.450011932906997,0.277715571611512,0.29739411102258,0.590824224510227,56.62,0.539243074916857,"中國國民黨",0.812566419248609,"ref7"
"28","臺北市","大安區",0.764397663479549,0.745340265823083,0.767365897148528,0.646827402156389,0.626967489342502,0.595066594838673,0.410461164058178,0.379380748523853,0.3882084535539,0.592376432941715,45.73,0.453619808957242,"中國國民黨",0.767365897148528,"ref9"
"29","彰化縣","大村鄉",0.806573463289116,0.7739937047759,0.780009591725381,0.76290445499891,0.691808509684997,0.613171041797547,0.447216438854216,0.276593633460447,0.315665441785241,0.599367646330012,50.73,0.527890629454662,"中國國民黨",0.806573463289116,"ref7"
"30","臺中市","大肚區",0.815335483217365,0.782493011379913,0.79388450572913,0.761972854966,0.691611505667936,0.602647406825179,0.434866530626098,0.300836481569525,0.302506466484788,0.605712862083878,56.1,0.544488507704802,"中國國民黨",0.815335483217365,"ref7"
"31","臺中市","大里區",0.811984194211173,0.772094902191458,0.78959199048069,0.742694841835142,0.68613437304667,0.614174887162448,0.44560427949246,0.30998332251559,0.321665515625233,0.60365123540572,54.63,0.538140167098263,"中國國民黨",0.811984194211173,"ref7"
"32","嘉義縣","大林鎮",0.791067354340214,0.751791730992532,0.766899053441606,0.77690827043273,0.699034477213651,0.608323539800011,0.510551574281844,0.295251379990863,0.322045677117883,0.571232369132588,45.35,0.498517435764755,"民主進步黨",0.791067354340214,"ref7"
"33","臺東縣","大武鄉",0.769557746123101,0.735780237740035,0.714459992892037,0.804725750347204,0.733479956034116,0.72693474967088,0.382700735384701,0.251854985987041,0.258805754317125,0.575529109871145,62.83,0.524390510223913,"中國國民黨",0.804725750347204,"ref10"
"34","高雄市","大社區",0.748013745855605,0.732822539180903,0.749032400163652,0.736870373660888,0.664078373000765,0.603951116844274,0.527525682939532,0.33855532269609,0.358269283732402,0.575880738156567,49.52,0.418890699306028,"民主進步黨",0.749032400163652,"ref9"
"35","彰化縣","大城鄉",0.808304908954426,0.776681869867995,0.766413072136722,0.807234390503383,0.715815120057218,0.608714709671033,0.463476260523828,0.241530102847989,0.260629921138839,0.605830231042782,50.78,0.53117050379698,"中國國民黨",0.808304908954426,"ref7"
"36","嘉義縣","大埔鄉",0.808053320214522,0.760467926605697,0.760937918623311,0.77755561448894,0.704865123874753,0.604835225978211,0.476702993673599,0.283991391272904,0.306785365564328,0.584058007891862,56.07,0.530693919709267,"民主進步黨",0.808053320214522,"ref7"
"37","雲林縣","大埤鄉",0.779893256715326,0.75211978977489,0.728105671323124,0.78231666453075,0.688694593254403,0.587117742891048,0.515882472228166,0.297646823260642,0.322941323992635,0.587769396891284,53.96,0.48194102013781,"中國國民黨",0.78231666453075,"ref10"
"38","苗栗縣","大湖鄉",0.817169395152752,0.778674107560932,0.779430555748611,0.782438572981657,0.703068474476096,0.607294753758362,0.358727013168064,0.269058348693288,0.308899032738774,0.601854352079465,61.84,0.547962483714249,"中國國民黨",0.817169395152752,"ref7"
"39","臺中市","大雅區",0.815462947434946,0.784681474580759,0.807259241487351,0.739205368890958,0.688973160238402,0.609586117563162,0.418090259755911,0.291737296403111,0.317919334389586,0.600435425664713,57.04,0.544729962937954,"中國國民黨",0.815462947434946,"ref7"
"40","桃園市","大園區",0.790148734656078,0.755550588745422,0.779352297671665,0.738328157152466,0.671026275450126,0.580342768744594,0.466505450837544,0.319908941186298,0.326835869628617,0.589147302085309,61.42,0.496777296185031,"民主進步黨",0.790148734656078,"ref7"
"41","桃園市","大溪區",0.789957552378598,0.761113716335406,0.770641699709461,0.750453373258667,0.682378205582321,0.599967880216144,0.457288546978442,0.307339329142874,0.321442386708634,0.590587526269159,60.25,0.496415139948092,"民主進步黨",0.789957552378598,"ref7"
"42","高雄市","大寮區",0.792532854046383,0.757769595554642,0.769540346054049,0.758677335424517,0.706746476099966,0.643233785751301,0.50474656906004,0.317484167934673,0.317978625344136,0.58572873575755,52.17,0.50129352916534,"中國國民黨",0.792532854046383,"ref7"
"43","高雄市","大樹區",0.792168641617402,0.753811431274966,0.762552196121925,0.76995022320081,0.708992775472961,0.623941571177144,0.539597777168907,0.305843083435465,0.323638854656981,0.596852778609485,50.38,0.50060360223035,"民主進步黨",0.792168641617402,"ref7"
"44","高雄市","小港區",0.785821329975118,0.753460272986817,0.778085716123033,0.740378458129889,0.693664546004181,0.624413376222644,0.495164034547585,0.327806622932364,0.340098366740547,0.594137127696367,51.7,0.488579901449362,"中國國民黨",0.785821329975118,"ref7"
"45","臺南市","山上區",0.786133130332013,0.742967575255363,0.759523607473074,0.775491347848099,0.687209921475778,0.619295964492303,0.568053206673102,0.318422079779216,0.347474421563346,0.594825166959946,37.37,0.489170544292505,"民主進步黨",0.786133130332013,"ref7"
"46","基隆市","中山區",0.779167944998628,0.760318518035354,0.770098725084366,0.731707396343146,0.66970309261398,0.603208857715733,0.450754434538559,0.333644944708284,0.341829539574781,0.585368446608359,54.49,0.475976406513787,"民主進步黨",0.779167944998628,"ref7"
"47","臺北市","中山區",0.758481737359614,0.736023866699364,0.754270327774484,0.645782255309054,0.619766865528046,0.579967278808788,0.46673370032996,0.392009214125804,0.399014303289745,0.568367191239737,41.55,0.436790561393472,"無",0.758481737359614,"ref7"
"48","基隆市","中正區",0.787450611144069,0.78055120693187,0.773337824762211,0.745080364212687,0.675924836833357,0.598804410130209,0.434311101769034,0.322091291483566,0.344342420437861,0.583303045807517,52.79,0.491666245773951,"民主進步黨",0.787450611144069,"ref7"
"49","臺北市","中正區",0.767586218975228,0.745940060412663,0.768306781218814,0.657971965576036,0.630721332801307,0.593330616060055,0.426623083807123,0.371822653891044,0.383715649072955,0.591989080839198,41.83,0.455402123922739,"中國國民黨",0.768306781218814,"ref9"
"50","臺南市","中西區",0.750297592098129,0.711985840980558,0.734049556786495,0.708046695307554,0.659645902726546,0.623085195469449,0.547752971807818,0.35136696842409,0.361589628058142,0.546499941578359,37.54,0.421287350062756,"民主進步黨",0.750297592098129,"ref7"
"51","新北市","中和區",0.796239879753685,0.782349188142271,0.792328612063392,0.7031708277183,0.669758932408451,0.617426379036217,0.410666319936521,0.33804308477221,0.347662936089849,0.607012463514849,63.31,0.508315741151137,"中國國民黨",0.796239879753685,"ref7"
"52","嘉義縣","中埔鄉",0.783814198946284,0.74751741156505,0.759469269977851,0.770170254249385,0.691636962303615,0.599348022816877,0.511055046495824,0.295738394394598,0.319954946301408,0.580746938785183,48.74,0.484777796829483,"民主進步黨",0.783814198946284,"ref7"
"53","臺中市","中區",0.801745841581558,0.764588680935736,0.760595486505819,0.747488971080166,0.699537209308942,0.614070773324951,0.485874013142406,0.313319698794406,0.319460170922919,0.571964415035969,53.29,0.518745674524641,"中國國民黨",0.801745841581558,"ref7"
"54","南投縣","中寮鄉",0.818395281567651,0.773456638205595,0.785908288446972,0.80609750986973,0.718482076225388,0.593880523528949,0.449943323623767,0.262139084086664,0.273663304197963,0.601655663244347,70.31,0.550284678097464,"中國國民黨",0.818395281567651,"ref7"
"55","桃園市","中壢區",0.809212412257859,0.788313832337362,0.807435516555331,0.724889358083432,0.678896006559527,0.614277581801382,0.387381563226104,0.315737005504452,0.329945744758316,0.613838529319205,48.8,0.532889585637164,"民主進步黨",0.809212412257859,"ref7"
"56","新北市","五股區",0.776259739236935,0.750967850253694,0.768387728961639,0.716010081783548,0.658306036907905,0.602270911026338,0.490522475898493,0.342170226469358,0.354110542620213,0.57515489020606,52.23,0.47046739768315,"中國國民黨",0.776259739236935,"ref7"
"57","新竹縣","五峰鄉",0.788764183394311,0.779013209967481,0.750887006880625,0.83563220315834,0.743530174741487,0.630328095930897,0.350431306878938,0.211469070583172,0.206028888700999,0.607476705337505,45.33,0.582936546994393,"中國國民黨",0.83563220315834,"ref10"
"58","宜蘭縣","五結鄉",0.785787349497239,0.778004561667516,0.770236281905356,0.732820995928806,0.665583401162937,0.579932194629032,0.512173794647734,0.331227541911108,0.352929115570842,0.592105041433973,47.07,0.488515532292554,"中國國民黨",0.785787349497239,"ref7"
"59","高雄市","仁武區",0.793053179543959,0.759473462965661,0.774195630223489,0.751760379572129,0.69775439071301,0.635424957493555,0.507565851843677,0.320541226508921,0.318857864869908,0.602677835290212,51.4,0.502279180799316,"中國國民黨",0.793053179543959,"ref7"
"60","基隆市","仁愛區",0.777140299391032,0.758652947960048,0.763574481969634,0.722558864859703,0.669344185296412,0.604925469173045,0.478775769444639,0.34252614206755,0.35751834573725,0.576305915453094,55.87,0.472135441165054,"民主進步黨",0.777140299391032,"ref7"
"61","南投縣","仁愛鄉",0.829223872402464,0.811712938597581,0.767913362179551,0.827342554458433,0.755407471708357,0.636701638030212,0.336389530135754,0.242566376217841,0.226883625750019,0.623658879005858,84.82,0.570797257818647,"中國國民黨",0.829223872402464,"ref7"
"62","臺南市","仁德區",0.776558953616332,0.753586813718321,0.771426951379718,0.743776470411899,0.694032612975168,0.6384524287571,0.498275071236019,0.320644805989408,0.335229009024187,0.575479701867114,36.41,0.471034198932245,"民主進步黨",0.776558953616332,"ref7"
"63","雲林縣","元長鄉",0.777299528953326,0.741816386273261,0.726931134068786,0.78216259672868,0.694420520447144,0.603983676949722,0.528031028913938,0.286052058830671,0.306018870366683,0.590549600383908,53.11,0.481649169783444,"中國國民黨",0.78216259672868,"ref10"
"64","高雄市","內門區",0.779692433163378,0.748628197939758,0.748222491332099,0.813210928978351,0.725758534296895,0.642782450679076,0.512212356840759,0.272499221694344,0.293088557908812,0.592668178229528,53.81,0.540463968513641,"中國國民黨",0.813210928978351,"ref10"
"65","屏東縣","內埔鄉",0.787717314515842,0.753429263663415,0.758833204144621,0.760375771826196,0.697290647359892,0.608737027917666,0.519115219741021,0.307734680694306,0.323239400333854,0.574643060781034,61.3,0.492171461481042,"民主進步黨",0.787717314515842,"ref7"
"66","臺北市","內湖區",0.778858249472076,0.760646266399884,0.77789240504908,0.644571103009786,0.620491822829192,0.594506082498423,0.425845664210334,0.389721141150764,0.396428150436792,0.591157606170572,43.7,0.475389750846895,"無",0.778858249472076,"ref7"
"67","苗栗縣","公館鄉",0.805276105129076,0.783683752071119,0.784291946603166,0.772435458752531,0.692791269716019,0.589407370861302,0.375141417019904,0.269098283516025,0.294898526506893,0.610509197157826,61.4,0.525433046275954,"中國國民黨",0.805276105129076,"ref7"
"68","臺南市","六甲區",0.763060757908995,0.72414505777882,0.73717722924066,0.722098239827703,0.674109420284494,0.582669780341536,0.57087836431818,0.332589915841061,0.376230315441384,0.561653012947674,43.24,0.445464591606355,"民主進步黨",0.763060757908995,"ref7"
"69","嘉義縣","六腳鄉",0.791850804294684,0.739771703442063,0.752921014243015,0.795517877192773,0.703228305984423,0.617509119447321,0.574346033566385,0.297711377369501,0.328694638768052,0.579831249300811,60.65,0.506948053026659,"民主進步黨",0.795517877192773,"ref10"
"70","高雄市","六龜區",0.771643843310008,0.755772675252747,0.738348205630609,0.795987608308093,0.708909860902845,0.608037814152968,0.465919917165651,0.285446620930367,0.300063225982409,0.594826090737717,54.29,0.507837863815293,"中國國民黨",0.795987608308093,"ref10"
"71","臺中市","太平區",0.817770078229245,0.78047236284693,0.796310161051867,0.746521645489766,0.68947247568326,0.612413419298215,0.428185340088967,0.302804954573048,0.316131970526077,0.61023655472794,56.62,0.549100356562313,"中國國民黨",0.817770078229245,"ref7"
"72","嘉義縣","太保市",0.790055057351789,0.74375277576948,0.759926114956076,0.75847570215875,0.686937341707642,0.609441184553431,0.506576494765913,0.318125732576914,0.344657962227639,0.593622916924871,51.8,0.496599843439646,"民主進步黨",0.790055057351789,"ref7"
"73","臺東縣","太麻里鄉",0.773236629062412,0.755832357331401,0.74827813148655,0.814262546645677,0.751081454548448,0.661997324402943,0.41823548606045,0.248083235753631,0.268280454078791,0.593101267831651,63.74,0.542456045928541,"中國國民黨",0.814262546645677,"ref10"
"74","臺北市","文山區",0.793048741163802,0.777331415599466,0.787535986078526,0.662999215808821,0.640759999597674,0.604123831759557,0.38711525157721,0.366915930944409,0.377639612624562,0.610942895858993,47.15,0.50227077318394,"中國國民黨",0.793048741163802,"ref7"
"75","雲林縣","斗六市",0.804229066881416,0.771956292297729,0.791727962918543,0.744447297889408,0.684011303517744,0.605287010589774,0.434085053781814,0.301089180166776,0.316573766187555,0.609184183617752,55.08,0.523449643647312,"中國國民黨",0.804229066881416,"ref7"
"76","雲林縣","斗南鎮",0.796809499493517,0.762359373334345,0.78187775470067,0.765573871614927,0.701745115679909,0.609315482179198,0.467530638583929,0.310329610058912,0.320809024515262,0.584714885392018,52.06,0.509394770777642,"中國國民黨",0.796809499493517,"ref7"
"77","嘉義縣","水上鄉",0.777015565933858,0.738654897933285,0.750006993302014,0.775945196896304,0.686192879563995,0.614463141215487,0.505629599009213,0.305572666126922,0.315696602321138,0.591090206035375,50.45,0.471899158806323,"民主進步黨",0.777015565933858,"ref7"
"78","南投縣","水里鄉",0.828862475913304,0.786159898023496,0.788855934511721,0.782728729793253,0.710645665071744,0.610422688843486,0.41820332255138,0.274199330174751,0.292121867213721,0.6208753049914,69.89,0.570112665113287,"中國國民黨",0.828862475913304,"ref7"
"79","雲林縣","水林鄉",0.786221247959252,0.737731318146566,0.75194483414497,0.794383495576082,0.699502642275429,0.590799317110472,0.574622752114048,0.313281692606143,0.307884549099364,0.599127882003128,50.78,0.504799196014552,"民主進步黨",0.794383495576082,"ref10"
"80","宜蘭縣","冬山鄉",0.784663063908942,0.784433790513585,0.771487826714345,0.736366053578393,0.666468835773919,0.573548724610796,0.531824039889987,0.328141880095449,0.349780589443579,0.597786505290696,45.83,0.486385800168483,"中國國民黨",0.784663063908942,"ref7"
"81","臺中市","北屯區",0.818765375857771,0.787544636729753,0.805358441879924,0.717882220233751,0.678055506006191,0.618774761565627,0.413267463619516,0.319365975423722,0.333497012541498,0.613707318742496,60.67,0.550985747031201,"中國國民黨",0.818765375857771,"ref7"
"82","彰化縣","北斗鎮",0.806292006457847,0.770332915132281,0.781911132634339,0.774022267669671,0.717759922702525,0.619208171723299,0.453784107383345,0.297312335555421,0.32367553528365,0.594573693970519,49.47,0.527357466296357,"中國國民黨",0.806292006457847,"ref7"
"83","臺北市","北投區",0.770505014810935,0.748191051529314,0.765068875758164,0.661068845656876,0.630256507291532,0.590622148084522,0.457687905523844,0.383361796107636,0.388350569336734,0.579756011055958,41.8,0.459566233777108,"無",0.770505014810935,"ref7"
"84","臺南市","北門區",0.79226485564669,0.755181545109346,0.761120417417838,0.790215168977793,0.714605642425891,0.640800589855442,0.563630352109763,0.316943406299534,0.304710540843902,0.594831900335064,42.63,0.500785860289241,"民主進步黨",0.79226485564669,"ref7"
"85","連江縣","北竿鄉",0.876924715054211,0.868697478991597,0.858441558441558,0.778983158419657,0.749009117456921,0.682349436766398,0.197434735315446,0.231671093094772,0.253141850947605,0.671701179701292,77.38,0.661156876405022,"中國國民黨",0.876924715054211,"ref7"
"86","新竹縣","北埔鄉",0.823257413562958,0.786374758520698,0.804129956549461,0.781384966937311,0.710531196937285,0.613729205355082,0.385433046486429,0.269326216847015,0.345905439344694,0.588951408808349,46.27,0.559495005802156,"中國國民黨",0.823257413562958,"ref7"
"87","新竹市","北區",0.789337825619472,0.763348837701274,0.786336235686683,0.712445051954637,0.672109891193504,0.609589754226096,0.428796357882944,0.332710139121596,0.347673014180579,0.589189863585737,48.23,0.495241192687009,"民主進步黨",0.789337825619472,"ref7"
"88","臺中市","北區",0.812022193601615,0.777445949792087,0.790196730654403,0.710100476012613,0.670190925292695,0.613115567666808,0.431733377720581,0.334795485603081,0.346137336341895,0.603628888001896,59.67,0.538212149273754,"中國國民黨",0.812022193601615,"ref7"
"89","臺南市","北區",0.763210143220791,0.73759516251023,0.760388532402477,0.71127363097941,0.672100584240222,0.630521369115683,0.506075543820091,0.349773937148878,0.358666627989019,0.57171033908742,37.52,0.445747571928,"中國國民黨",0.763210143220791,"ref7"
"90","雲林縣","北港鎮",0.784538469456859,0.749748788108677,0.761031387896002,0.772203782355388,0.695529380220381,0.611940515962703,0.515313621291238,0.308049448550761,0.321991840075861,0.604579600521629,49.22,0.48614978112684,"中國國民黨",0.784538469456859,"ref7"
"91","雲林縣","古坑鄉",0.788488534772512,0.761091487177553,0.768544271434507,0.774940532334397,0.700315366663297,0.607573425220291,0.473097296623995,0.278523536289828,0.302266772547255,0.604968729057653,54.35,0.493632382596158,"中國國民黨",0.788488534772512,"ref7"
"92","雲林縣","四湖鄉",0.783355916145207,0.749625442518442,0.762918345823979,0.771156894588133,0.701912918942624,0.590511398413105,0.522576129566352,0.276281538905076,0.298210167173737,0.599565324847606,51.31,0.483909672561484,"中國國民黨",0.783355916145207,"ref7"
"93","臺中市","外埔區",0.819263391354418,0.784413735522036,0.809143665170975,0.772449556124236,0.701372774056996,0.609009096916321,0.418209356856549,0.268522224754977,0.277851273024373,0.604900603604602,60.07,0.551929136871411,"中國國民黨",0.819263391354418,"ref7"
"94","高雄市","左營區",0.801353469724799,0.77134625101625,0.779519830464771,0.734856438854906,0.700948598022755,0.658453776652779,0.436056940414166,0.315287949877781,0.322047771530758,0.616623924076983,61.99,0.518002405237354,"中國國民黨",0.801353469724799,"ref7"
"95","臺南市","左鎮區",0.789421479795163,0.743354610521728,0.732841899150521,0.829712409561965,0.742886762870796,0.654944343022251,0.565578330617171,0.251218348201056,0.288202383399893,0.566010117052956,41.8,0.571722692862218,"民主進步黨",0.829712409561965,"ref10"
"96","嘉義縣","布袋鎮",0.796744770771567,0.737462898132523,0.764339287030062,0.790323304481919,0.722830669571559,0.633517544421605,0.503825763958766,0.271471192591946,0.287436901362642,0.610093363034658,54.47,0.509272155278589,"民主進步黨",0.796744770771567,"ref7"
"97","新北市","平溪區",0.773998953447687,0.743027297769984,0.747591150175964,0.805821115163284,0.704997026242096,0.637225807474264,0.51290835099708,0.265196162906254,0.281454613277109,0.584869736049861,53.28,0.526465457782315,"中國國民黨",0.805821115163284,"ref10"
"98","桃園市","平鎮區",0.811605885952169,0.790157950776824,0.802053654044016,0.739642127029159,0.69117589920162,0.613595416009319,0.392569391480896,0.310547288638581,0.318822046945342,0.614176954959493,51.77,0.537423538458361,"民主進步黨",0.811605885952169,"ref7"
"99","嘉義縣","民雄鄉",0.773216100637254,0.737870180382534,0.753507962238569,0.759684490781618,0.688649063762737,0.614569369570858,0.515502579501379,0.312909641494726,0.333683296847621,0.577238812395619,44.72,0.464701838676367,"民主進步黨",0.773216100637254,"ref7"
"100","高雄市","永安區",0.769925904378083,0.725024020666134,0.750901299122228,0.761601929254478,0.686313384860665,0.600727272428424,0.498677389638725,0.300719110462622,0.333466475235184,0.603426217995855,49.62,0.458469225948253,"中國國民黨",0.769925904378083,"ref7"
"101","新北市","永和區",0.80395166630176,0.785116533015731,0.798362119104403,0.694410224987728,0.659733080831494,0.614014300924625,0.38003155020937,0.340231834042602,0.35338750747179,0.611269584980211,67.46,0.522924164238985,"中國國民黨",0.80395166630176,"ref7"
"102","臺南市","永康區",0.783732968325353,0.75387257385654,0.769893239641005,0.717396952599746,0.672024349646516,0.617753899928602,0.491258028327534,0.33960613257072,0.351141454800421,0.58315080504892,34.81,0.484623921813512,"中國國民黨",0.783732968325353,"ref7"
"103","彰化縣","永靖鄉",0.801598485602116,0.771153454114929,0.773611265063205,0.768471905996339,0.692613083367088,0.598622724186345,0.455724178117626,0.304817927088886,0.326411474275337,0.591842224122399,46.77,0.518466538363546,"中國國民黨",0.801598485602116,"ref7"
"104","臺南市","玉井區",0.800479456579894,0.764540500188077,0.772462106321124,0.789835472116876,0.742474771329748,0.633901816584074,0.477208700427626,0.277534859879343,0.301283851774404,0.603128400703054,42.17,0.516346763742932,"中國國民黨",0.800479456579894,"ref7"
"105","花蓮縣","玉里鎮",0.790304972611568,0.76581192582955,0.757825419716476,0.812240261674953,0.736655078688747,0.641419657693021,0.366589493856315,0.2602234995902,0.278951526777595,0.607525869666867,76.13,0.538625235224385,"中國國民黨",0.812240261674953,"ref10"
"106","彰化縣","田中鎮",0.803839105994756,0.758095905055281,0.763706994511179,0.779232174517402,0.696780498978511,0.6255479499292,0.439450803908269,0.271389710528911,0.30360471845238,0.583513345904834,49.06,0.522710941456253,"中國國民黨",0.803839105994756,"ref7"
"107","彰化縣","田尾鄉",0.801151191789877,0.774658537497957,0.778851099806936,0.773589071381282,0.696198405965784,0.616921023254554,0.457509382654512,0.276915151001478,0.299214741370118,0.606812279433397,49.86,0.51761923051691,"中國國民黨",0.801151191789877,"ref7"
"108","高雄市","田寮區",0.772612283345579,0.719337629084087,0.735735943872631,0.810073874077497,0.701872920882574,0.614234663695051,0.580959057028297,0.316975388884981,0.312106039665778,0.606129703741197,53.56,0.534521451179195,"民主進步黨",0.810073874077497,"ref10"
"109","高雄市","甲仙區",0.815056673890884,0.781295061489777,0.776564453656378,0.796166175663806,0.703236480731978,0.617961582354912,0.467892769656981,0.276343450723582,0.288699104340135,0.589281523520816,60.17,0.543960359709953,"中國國民黨",0.815056673890884,"ref7"
"110","澎湖縣","白沙鄉",0.788828097602022,0.750812779906879,0.776129711425524,0.788965042137859,0.710485047913853,0.636715593728438,0.440812153498801,0.274929458479628,0.298624543257755,0.624811465701816,38.13,0.494535029622768,"中國國民黨",0.788965042137859,"ref10"
"111","臺南市","白河區",0.76742172345977,0.734079121530632,0.747724910170969,0.763950081630964,0.685388414946336,0.611331621220844,0.5892219166533,0.317436509521183,0.349993835992463,0.575394159195104,46.44,0.453725560636048,"民主進步黨",0.76742172345977,"ref7"
"112","臺中市","石岡區",0.806898384973487,0.777273429675682,0.77679481515686,0.776728333272374,0.694879583363847,0.605770307897902,0.425511955000218,0.265176459056167,0.294566477248817,0.605224485403489,59.43,0.528506128004332,"中國國民黨",0.806898384973487,"ref7"
"113","新北市","石門區",0.796938590197188,0.765304413303804,0.776335146732636,0.744137330805122,0.670041749654773,0.583849702626584,0.457071819532562,0.307442421660797,0.316459237233028,0.588354600599382,58.7,0.509639307060405,"中國國民黨",0.796938590197188,"ref7"
"114","新北市","石碇區",0.766993443616114,0.727619196644993,0.7303633963549,0.761292580691933,0.6756374101192,0.588815528256818,0.511664445646384,0.313583131059189,0.341087081869377,0.560743298826926,52.27,0.452914270915162,"民主進步黨",0.766993443616114,"ref7"
"115","花蓮縣","光復鄉",0.795804047211038,0.776301225560894,0.774998642225587,0.8162466194832,0.735221184956502,0.607229701298061,0.363440975504073,0.235447641040097,0.252737594928113,0.626637293352813,77.36,0.546214471458988,"中國國民黨",0.8162466194832,"ref10"
"116","花蓮縣","吉安鄉",0.8152958751264,0.798139615195676,0.804296738941552,0.782099681228618,0.713164526733409,0.616467680387188,0.343821476919028,0.259853680441161,0.281917151296004,0.617806615936116,68.51,0.544413478170866,"中國國民黨",0.8152958751264,"ref7"
"117","南投縣","名間鄉",0.814921799715888,0.787062066482222,0.780748191865146,0.770206523913886,0.702888796938162,0.612921109398125,0.465531446693566,0.26786004239371,0.290215221178019,0.615951785373461,64.75,0.543704867808085,"中國國民黨",0.814921799715888,"ref7"
"118","臺中市","后里區",0.819586757895942,0.781483691825775,0.787190063469175,0.743961012109188,0.684251089008233,0.583393786968727,0.435782005457876,0.292724979647353,0.311774975844413,0.605761117742996,57.18,0.552541689516844,"中國國民黨",0.819586757895942,"ref7"
"119","臺南市","安平區",0.770483381907721,0.743025358468712,0.757997426523526,0.69921714173823,0.659544232726769,0.621321593067379,0.505537287749742,0.347354035678588,0.358386949936663,0.573777930244286,36.84,0.459525254608299,"中國國民黨",0.770483381907721,"ref7"
"120","臺南市","安定區",0.777891368766164,0.738894004403229,0.76199963255475,0.752097791505749,0.698245628342218,0.631019422822376,0.55410775080992,0.313322719090195,0.349991807101847,0.571092488291582,40.09,0.4735581905023,"民主進步黨",0.777891368766164,"ref7"
"121","臺南市","安南區",0.774698982519435,0.733833441526265,0.756566492244033,0.727442023165655,0.673544397270752,0.621096288143166,0.539658947005747,0.334732771632449,0.347199071815158,0.570558772623491,38.42,0.467510859101032,"民主進步黨",0.774698982519435,"ref7"
"122","基隆市","安樂區",0.795186294935143,0.781245614907192,0.785826813354279,0.713407932102641,0.66538761997467,0.596168067972674,0.428575284020528,0.347518021195936,0.3494608797976,0.599051409727768,54.96,0.506319937365302,"民主進步黨",0.795186294935143,"ref7"
"123","新竹縣","尖石鄉",0.815477176038952,0.78073421949466,0.762164580461384,0.86037042128561,0.768390300142834,0.691178796651601,0.410421072296522,0.194693292580351,0.202466315506632,0.573888903133581,51.39,0.629798108137166,"中國國民黨",0.86037042128561,"ref10"
"124","臺東縣","成功鎮",0.783145118832024,0.76853302044482,0.763190160786588,0.815121959811753,0.749465995191367,0.621004656847246,0.35251647645336,0.21146015865578,0.223383473745795,0.617148048392446,60.8,0.544084030709894,"中國國民黨",0.815121959811753,"ref10"
"125","嘉義縣","朴子市",0.784449960869893,0.754310874361224,0.762909084348899,0.772851976998974,0.696909822774418,0.619476857712819,0.526151910443637,0.295010788041136,0.322260292353844,0.58363947216007,53.77,0.485982119473183,"民主進步黨",0.784449960869893,"ref7"
"126","新北市","汐止區",0.787843963161168,0.770108950146668,0.780755417524867,0.687717057245904,0.642748173091476,0.592766115175355,0.429284787576447,0.361110993478151,0.370549782588603,0.596884057899116,61.28,0.49241137177717,"中國國民黨",0.787843963161168,"ref7"
"127","臺東縣","池上鄉",0.791515968876039,0.763833560246473,0.745422505550684,0.780542637942802,0.682095328370623,0.560901241581098,0.417862406619531,0.270318944785921,0.298307071055039,0.590418138246679,58.33,0.499367245455653,"中國國民黨",0.791515968876039,"ref7"
"128","南投縣","竹山鎮",0.794708010555481,0.778781711034634,0.789961878642061,0.786161414788331,0.708579248052199,0.582536231717538,0.437426903751984,0.262452923176663,0.305328628904796,0.620890335818209,68,0.505413924143741,"中國國民黨",0.794708010555481,"ref7"
"129","新竹縣","竹北市",0.802261634135263,0.781966588950193,0.802181121517423,0.694025490337121,0.66213660245272,0.614514464801979,0.398435759025417,0.350150253757734,0.361906586324588,0.598113656167857,37.89,0.519722739411371,"民國黨",0.802261634135263,"ref7"
"130","屏東縣","竹田鄉",0.777027181329661,0.738747861557708,0.747390664590502,0.769962252051074,0.674038693117788,0.61120365121235,0.544437645705654,0.316297713152571,0.382886166884085,0.572865641009115,61.83,0.47192116182925,"民主進步黨",0.777027181329661,"ref7"
"131","新竹縣","竹東鎮",0.811793946901256,0.786690812943424,0.800025235680158,0.756024062023766,0.703670654266046,0.625646226739246,0.345772729308689,0.296547911967595,0.30570233553461,0.605383368094251,42.05,0.53777978196866,"中國國民黨",0.811793946901256,"ref7"
"132","苗栗縣","竹南鎮",0.80649984322214,0.780199424294951,0.787010389662147,0.749897652856284,0.694162041293387,0.617372663573899,0.414455142194746,0.306299315648902,0.319187875810338,0.592272008311204,54.16,0.527751171097064,"中國國民黨",0.80649984322214,"ref7"
"133","嘉義縣","竹崎鄉",0.796320196820171,0.761869391388164,0.769500237754227,0.791085581177403,0.713395315913933,0.622493085561991,0.50224940513386,0.275718540339144,0.297457281278486,0.575243762187903,42.08,0.508467885622601,"民主進步黨",0.796320196820171,"ref7"
"134","彰化縣","竹塘鄉",0.791585489103855,0.749689058589733,0.752334453135288,0.781910828097405,0.676714135786622,0.581560671801064,0.472690371157153,0.268345173712692,0.291288369362354,0.604731638223203,47.2,0.499498937495463,"民主進步黨",0.791585489103855,"ref7"
"135","臺中市","西屯區",0.817829598784101,0.783594843188548,0.796730501748172,0.70370596526599,0.667838703345565,0.614118150682949,0.410767879622003,0.333352809575296,0.346859534614472,0.608456208419547,60.3,0.549213106240009,"中國國民黨",0.817829598784101,"ref7"
"136","嘉義市","西區",0.781642610317193,0.744967816760486,0.776346448948706,0.732972046071201,0.680155388102655,0.624018131188501,0.506308307924635,0.318754069682695,0.333918126521509,0.582555411925014,40.7,0.480664160479623,"民主進步黨",0.781642610317193,"ref7"
"137","臺中市","西區",0.795921856160748,0.763562600533032,0.774563042252564,0.693875233331704,0.6541678437357,0.609285800350379,0.443862177142218,0.346067956247535,0.358572351139602,0.588346430360582,56.11,0.507713309643395,"中國國民黨",0.795921856160748,"ref7"
"138","臺南市","西港區",0.784397402715684,0.757731284117941,0.758850683853968,0.759632294767733,0.679591208132635,0.614387470939363,0.573159149999476,0.322339792757024,0.341123756980222,0.580037585155749,43.79,0.485882558658238,"民主進步黨",0.784397402715684,"ref7"
"139","苗栗縣","西湖鄉",0.817456859620114,0.797107022451668,0.785742657345433,0.783606667312841,0.699705443530177,0.592981254193596,0.363764705668199,0.281377773992712,0.305474902182269,0.592899254720481,60.1,0.548507027126566,"中國國民黨",0.817456859620114,"ref7"
"140","澎湖縣","西嶼鄉",0.787155289313319,0.755910236521772,0.741507078966207,0.784878114110628,0.69224759216815,0.628093789118457,0.519025888051331,0.294955196975109,0.299841290421747,0.602496999240279,38.54,0.491106818172607,"中國國民黨",0.787155289313319,"ref7"
"141","雲林縣","西螺鎮",0.790978913155816,0.749272517245318,0.769284783649865,0.740454386202734,0.684116992478172,0.59154524657762,0.509001354088155,0.307171153454731,0.332111269655553,0.595876841792746,48.96,0.498349901791658,"民主進步黨",0.790978913155816,"ref7"
"142","彰化縣","伸港鄉",0.833998845662451,0.786488945121395,0.791564805937889,0.757137280369195,0.683124059720982,0.602313386937043,0.440135927286262,0.289626044354833,0.30778904816232,0.606778353976914,62.3,0.579842480891174,"中國國民黨",0.833998845662451,"ref7"
"143","宜蘭縣","壯圍鄉",0.781025458172611,0.757304892089361,0.748039119075052,0.738027769499363,0.67280882704958,0.597683255667146,0.550708332260113,0.348139033486273,0.351282189696097,0.592355778226572,45.66,0.479495090306139,"中國國民黨",0.781025458172611,"ref7"
"144","高雄市","杉林區",0.773096860243531,0.751325352632399,0.730097652726334,0.807566159056198,0.71766750082858,0.615335898537432,0.482047378178202,0.254562092504341,0.322960048923894,0.592227349482276,56.45,0.529771091222197,"中國國民黨",0.807566159056198,"ref10"
"145","臺中市","沙鹿區",0.8130806587131,0.769523042091302,0.800595889839977,0.743517088358475,0.683640151443606,0.609339853969617,0.432837924038784,0.303716943838876,0.316270255552777,0.60170634604618,55.63,0.540217197789543,"中國國民黨",0.8130806587131,"ref7"
"146","屏東縣","牡丹鄉",0.820432842098915,0.804401969564441,0.761210954747949,0.750311007912155,0.692896512704372,0.590226676194049,0.371343064773772,0.298738185219166,0.322905685218162,0.576788217722919,55.41,0.554144425267882,"中國國民黨",0.820432842098915,"ref7"
"147","彰化縣","秀水鄉",0.799443828136078,0.760407227258509,0.772633142682769,0.758554015014949,0.69405714323536,0.616735128267943,0.457500734523292,0.297098460151718,0.31250788280439,0.584913975218143,58.9,0.514384974684747,"中國國民黨",0.799443828136078,"ref7"
"148","花蓮縣","秀林鄉",0.796822571740461,0.775895271744379,0.745485725417065,0.787270536721113,0.696079785740985,0.591709028790179,0.388528507703483,0.263159778060159,0.281198786744768,0.620607317614315,80.55,0.509419533511008,"中國國民黨",0.796822571740461,"ref7"
"149","新竹縣","芎林鄉",0.798488734415346,0.77470913261125,0.783768593299458,0.755437246990639,0.694027628225854,0.630706580111969,0.354254657211869,0.286539709653759,0.291888844928252,0.576788357921567,40.07,0.51257574240452,"中國國民黨",0.798488734415346,"ref7"
"150","屏東縣","車城鄉",0.792929343098929,0.746480725452021,0.735362820839555,0.751893030439293,0.644887851818355,0.576831858720644,0.550503305392037,0.33152895003848,0.355255789427289,0.570624531839323,64.93,0.502044597649042,"民主進步黨",0.792929343098929,"ref7"
"151","高雄市","那瑪夏區",0.785910966713813,0.767287115649906,0.751202218232948,0.852341117395447,0.789959251051261,0.688369588553047,0.363268941997379,0.189573211669185,0.190883610326589,0.613263881328783,85.08,0.614588212531629,"中國國民黨",0.852341117395447,"ref10"
"152","屏東縣","里港鄉",0.769334324209286,0.734775743947493,0.735155008393642,0.747447623022145,0.672924474611243,0.59970107717556,0.542819899763242,0.330539490161335,0.331917736729953,0.5600785998017,62.71,0.457348596721512,"民主進步黨",0.769334324209286,"ref7"
"153","屏東縣","佳冬鄉",0.777297766180082,0.739618633789038,0.769815563840829,0.769036000471634,0.672365332815892,0.621154468393941,0.571903123316949,0.326959108050693,0.340447062995274,0.58199066178966,61.32,0.472433730214211,"民主進步黨",0.777297766180082,"ref7"
"154","臺南市","佳里區",0.789675445063523,0.751990632153989,0.76458838292951,0.748976622424534,0.693154203535476,0.632138471407777,0.555416414749862,0.323813245646404,0.346900047207108,0.59378474437103,40.53,0.49588074457951,"民主進步黨",0.789675445063523,"ref7"
"155","屏東縣","來義鄉",0.827145356698021,0.807893226843074,0.789994995630009,0.817206533382732,0.745013124048407,0.688813540240027,0.265577999523142,0.21801747871797,0.232657683805739,0.648534848223873,56.24,0.56685992933893,"中國國民黨",0.827145356698021,"ref7"
"156","臺東縣","卑南鄉",0.777725600328318,0.756714791141392,0.751869427499514,0.781812939870637,0.700226546092229,0.61191035023029,0.446208607471518,0.273319917571626,0.305317350303266,0.58483887669857,59.3,0.480986815439737,"中國國民黨",0.781812939870637,"ref10"
"157","花蓮縣","卓溪鄉",0.799291220218931,0.780391773171441,0.780418118780663,0.823934350692702,0.754063838162371,0.608764689189734,0.321539078920229,0.217398285103976,0.231642149229556,0.615939872796481,88.1,0.560777326563179,"中國國民黨",0.823934350692702,"ref10"
"158","苗栗縣","卓蘭鎮",0.818829502452858,0.781781163021227,0.784458199202905,0.779668499128357,0.696401575563683,0.617795637055717,0.42460905115093,0.265395454346922,0.279346460906908,0.616010597920229,61.94,0.551107221922444,"中國國民黨",0.818829502452858,"ref7"
"159","臺中市","和平區",0.838946336740109,0.812636830144677,0.795679700727758,0.833503154140636,0.735831482522173,0.613174901319814,0.356546255196438,0.205066795207055,0.224314535695576,0.592711178480016,70.15,0.58921450414872,"中國國民黨",0.838946336740109,"ref7"
"160","彰化縣","和美鎮",0.809865123639205,0.767832620914675,0.781262509444845,0.743619223373965,0.684320551429509,0.601319347797067,0.440859324322588,0.304828807809501,0.317724112345686,0.592005775738173,59.04,0.534126015607511,"中國國民黨",0.809865123639205,"ref7"
"161","新北市","坪林區",0.791704022146177,0.759207415506823,0.753236700869169,0.769985275121243,0.693887526119847,0.608708694236211,0.534752514208887,0.311050165651752,0.331675039319149,0.598439797871055,55.46,0.499723474419733,"民主進步黨",0.791704022146177,"ref7"
"162","臺南市","官田區",0.759012165329228,0.719078318302559,0.738318739988446,0.743208233324197,0.676439824960179,0.607441896794854,0.600926243359713,0.371263562231169,0.366010927130365,0.574226684769809,45.37,0.437795350121667,"民主進步黨",0.759012165329228,"ref7"
"163","宜蘭縣","宜蘭市",0.786329071569764,0.784927337896252,0.776753665813878,0.711900057679067,0.659199696580863,0.597602645823993,0.477092742536552,0.335844145101877,0.353018375696188,0.593020052690009,48.45,0.48954171541914,"中國國民黨",0.786329071569764,"ref7"
"164","高雄市","岡山區",0.800011254294575,0.762460221182744,0.782339822074061,0.758121915708553,0.706463479611756,0.644007343551086,0.467189301332301,0.305354635019521,0.312504188634096,0.614894747618618,54.93,0.51545984901416,"中國國民黨",0.800011254294575,"ref7"
"165","臺東縣","延平鄉",0.764363525629022,0.741752078194939,0.735232196863783,0.818885143303442,0.724346898702967,0.666056451265678,0.314304675561603,0.230551452701258,0.223614547429747,0.558922417247967,73.81,0.551212622283467,"中國國民黨",0.818885143303442,"ref10"
"166","臺南市","東山區",0.779255281383451,0.739477491351575,0.737702127489945,0.779229136797049,0.708574423641987,0.624480704098168,0.559653222977755,0.300394459867249,0.332831008404214,0.578134849306716,42.01,0.476141847667079,"民主進步黨",0.779255281383451,"ref7"
"167","連江縣","東引鄉",0.907801418439716,0.861209964412811,0.882770870337478,0.752613240418119,0.701754385964912,0.590909090909091,0.220614828209765,0.487410071942446,0.293594306049822,0.63898916967509,59.1,0.719646558893192,"中國國民黨",0.907801418439716,"ref7"
"168","嘉義縣","東石鄉",0.787417517895374,0.750288595205335,0.744061964046237,0.816376013856759,0.730800169456396,0.645357988652766,0.538525724618926,0.249639994760095,0.271839476496069,0.607567470536443,54.97,0.546459582983063,"民主進步黨",0.816376013856759,"ref10"
"169","臺東縣","東河鄉",0.779480973020962,0.770805035054302,0.740515221347041,0.796327277208897,0.727002736034678,0.623987609601145,0.40335905736668,0.259796778062449,0.285546052734149,0.576455247747031,59.09,0.508481297989954,"中國國民黨",0.796327277208897,"ref10"
"170","新竹市","東區",0.781718365463534,0.761177833052138,0.785376500265929,0.682238158799623,0.649584553133191,0.60695182629951,0.413660812043658,0.362018560334938,0.363431154216591,0.600353971775307,48.56,0.487737261348606,"民主進步黨",0.785376500265929,"ref9"
"171","嘉義市","東區",0.776703894486114,0.744724092996488,0.75627580870738,0.718346740859766,0.672413651525403,0.621997813775456,0.482787426953488,0.337320590563116,0.355958139389334,0.580482489917174,43.64,0.471308760155549,"中國國民黨",0.776703894486114,"ref7"
"172","臺中市","東區",0.801070192315602,0.759532085803179,0.778368919681459,0.73664882456772,0.679407552000797,0.61118347171182,0.468017869114764,0.328205276915716,0.330983174212815,0.588992216769704,53.03,0.517465793361625,"中國國民黨",0.801070192315602,"ref7"
"173","臺南市","東區",0.763335484545647,0.739087937110785,0.757300583192146,0.696431882347708,0.662716785579812,0.629799125232189,0.485613567716507,0.346797245123357,0.366771747856539,0.57419042079274,40.61,0.445985005769364,"中國國民黨",0.763335484545647,"ref7"
"174","屏東縣","東港鎮",0.783858270384335,0.743220329216898,0.743946050668171,0.768351879843236,0.69324531236105,0.603022554499396,0.535002210293753,0.296880180508132,0.313681145859987,0.569591323126414,50.58,0.484861281273603,"民主進步黨",0.783858270384335,"ref7"
"175","臺中市","東勢區",0.814094613346941,0.778438716885651,0.793800898129385,0.795631622344187,0.729004418572588,0.647494469595707,0.393044466469819,0.254382032806231,0.281723192951993,0.592446191088305,62.23,0.542137930189318,"中國國民黨",0.814094613346941,"ref7"
"176","雲林縣","東勢鄉",0.797331714663669,0.748989213891352,0.763204385382891,0.780831794712962,0.694137946772415,0.592454510613064,0.519644176805036,0.294948997294264,0.294814233437668,0.60019177460741,57.56,0.510384002014906,"中國國民黨",0.797331714663669,"ref7"
"177","臺北市","松山區",0.767897513195064,0.753614842458435,0.769776395516129,0.650527652131159,0.629529897137964,0.59811211977566,0.421198338436247,0.381830503246901,0.388348366373126,0.591051558111368,43.36,0.458186011585772,"中國國民黨",0.769776395516129,"ref9"
"178","新北市","板橋區",0.769060139905434,0.748739053667101,0.76713769282603,0.696621399851802,0.656142415387031,0.609296235074032,0.477093600063413,0.356913473374393,0.364593298865079,0.578766360103966,53.97,0.45682920989853,"中國國民黨",0.769060139905434,"ref7"
"179","屏東縣","枋山鄉",0.777565735030704,0.751461668247944,0.727185871326416,0.775342199874109,0.691034365800478,0.623220792909942,0.541327493745775,0.298408686547741,0.31039831654339,0.5910542796463,62.52,0.47294134311556,"民主進步黨",0.777565735030704,"ref7"
"180","屏東縣","枋寮鄉",0.780642794915099,0.748842768418267,0.739217711591161,0.783539167146109,0.697220184732715,0.61310664280176,0.522859674298303,0.290280982917477,0.320618446320347,0.592120258801377,50.44,0.484256804595774,"中國國民黨",0.783539167146109,"ref10"
"181","新北市","林口區",0.789744020045228,0.764897257419476,0.791496486232878,0.685339313421411,0.64422579605921,0.59142344583022,0.429202960517096,0.354719245443724,0.36727336385045,0.596030480208283,59.08,0.499330339520512,"中國國民黨",0.791496486232878,"ref9"
"182","雲林縣","林內鄉",0.792560802900756,0.76582522896051,0.764372810076544,0.776774995752689,0.69258508456467,0.598360324614732,0.464606327409359,0.32080720870904,0.325088682916194,0.594203364170948,49.63,0.501346472628824,"中國國民黨",0.792560802900756,"ref7"
"183","高雄市","林園區",0.790083520402084,0.738988501929904,0.76588959457324,0.75549026846781,0.686833195387837,0.618598304695822,0.528576398996554,0.315545120117246,0.330230614425288,0.606811334824737,51.4,0.49665376094352,"民主進步黨",0.790083520402084,"ref7"
"184","屏東縣","林邊鄉",0.773358044033284,0.742496392365969,0.735442957889177,0.782544318506097,0.702642819034592,0.629764286562298,0.574752169872605,0.299569953268377,0.351921492576488,0.574854581071919,59.45,0.482372264645003,"民主進步黨",0.782544318506097,"ref10"
"185","彰化縣","社頭鄉",0.797828005375466,0.766806143220584,0.77940705547792,0.772063332667509,0.704803964287707,0.588700158360505,0.468916661149693,0.282043066476452,0.300015147890766,0.605910050965706,48.04,0.511324124598344,"中國國民黨",0.797828005375466,"ref7"
"186","彰化縣","芬園鄉",0.809206377491563,0.772035784452832,0.772527081531162,0.77443233421852,0.708571321923149,0.612873364998493,0.446632051889598,0.303717008623787,0.289056418796682,0.606489481416722,47.37,0.532878153990458,"中國國民黨",0.809206377491563,"ref7"
"187","花蓮縣","花蓮市",0.817873421364932,0.797341706884475,0.80561053955893,0.764412926976052,0.704578411536351,0.628565469518419,0.35422436677012,0.280412995075946,0.298947505981032,0.620622480559949,65.99,0.549296119274355,"中國國民黨",0.817873421364932,"ref7"
"188","彰化縣","花壇鄉",0.805969041015561,0.755430136625503,0.777314941696374,0.769230126409491,0.709420461451528,0.639834261560787,0.445037322341565,0.292950907533902,0.286707271457672,0.586452241264857,55.34,0.526745673452474,"中國國民黨",0.805969041015561,"ref7"
"189","彰化縣","芳苑鄉",0.811443928521888,0.773745959873522,0.770673635566587,0.779775857435945,0.715568362447784,0.609760588526919,0.496285538987644,0.257164737070504,0.285347643406231,0.604285720119255,47.78,0.537116742795772,"中國國民黨",0.811443928521888,"ref7"
"190","雲林縣","虎尾鎮",0.791370794213001,0.761539446233091,0.778426904884107,0.748646115333376,0.675822119161537,0.587672432400713,0.44918326159871,0.303041662161465,0.327367947951935,0.595202083619698,55.93,0.499092241358214,"中國國民黨",0.791370794213001,"ref7"
"191","新北市","金山區",0.780195575997175,0.752944441873063,0.751283095103766,0.761489209208305,0.683729574058934,0.588099358263245,0.488056724729127,0.2973860846407,0.337598944973296,0.563464741566688,53.89,0.477923046026094,"中國國民黨",0.780195575997175,"ref7"
"192","金門縣","金沙鎮",0.856220878763828,0.838467547932234,0.84693144395598,0.830467262782677,0.777860991108143,0.682443006888752,0.214610081252554,0.192368573439629,0.203697899908154,0.667734612007584,57.2,0.621937637362811,"無",0.856220878763828,"ref7"
"193","金門縣","金城鎮",0.853089483279042,0.835052685264277,0.83960950794832,0.793845802709523,0.742824621964121,0.646789917542142,0.228893446813535,0.255224763720981,0.258135207069862,0.669766500264435,54.28,0.616005840649824,"中國國民黨",0.853089483279042,"ref7"
"194","臺東縣","金峰鄉",0.774023373647132,0.748382226197929,0.709433246959715,0.797421256344317,0.741495633496323,0.670413663890021,0.299003981342943,0.259005363104767,0.275384455577389,0.595432441175798,72.3,0.510553620656028,"中國國民黨",0.797421256344317,"ref10"
"195","金門縣","金湖鎮",0.851248231316531,0.835036840576205,0.827370039624496,0.796552509857305,0.740889867518649,0.651650392559416,0.232089077912073,0.234215710068874,0.249561343521744,0.670085379749109,54.42,0.612517960440483,"無",0.851248231316531,"ref7"
"196","金門縣","金寧鄉",0.847480839455019,0.819249727337859,0.827387356485134,0.752494359636554,0.692236032297736,0.611487200378691,0.250590004390829,0.281723318895767,0.296846574212014,0.656284401913494,54.92,0.605381396959687,"中國國民黨",0.847480839455019,"ref7"
"197","屏東縣","長治鄉",0.777325945806871,0.747653989117422,0.741107687447448,0.75655513571653,0.686538910005427,0.610798561736094,0.497735961406033,0.322729715648383,0.334410336574346,0.583639825994116,57.75,0.472487110829458,"民主進步黨",0.777325945806871,"ref7"
"198","臺東縣","長濱鄉",0.798472762143808,0.767463236544049,0.737231856274062,0.817284337138931,0.733831587147372,0.65066960333569,0.415213678094266,0.241906064028512,0.259299388265466,0.616353211569007,60.49,0.548180218107465,"中國國民黨",0.817284337138931,"ref10"
"199","嘉義縣","阿里山鄉",0.803527183966555,0.800821673849734,0.778608240668629,0.842235435388719,0.734352462285823,0.604849723262384,0.341809190662337,0.201804810010465,0.211981185661195,0.597053553582194,44.83,0.595445037675164,"民主進步黨",0.842235435388719,"ref10"
"200","高雄市","阿蓮區",0.783114841501475,0.743948165277861,0.760894496917906,0.756678030763475,0.694774954575916,0.612444106140964,0.510765520637047,0.311296448179159,0.346231852581459,0.571181669889681,50.72,0.483453005306829,"民主進步黨",0.783114841501475,"ref7"
"201","基隆市","信義區",0.81136746838353,0.801536457129896,0.795806049271536,0.716698084973742,0.670517760281798,0.61271863061104,0.403465633488577,0.331808703483742,0.341246538659109,0.605264113397283,50.35,0.536971904496174,"中國國民黨",0.81136746838353,"ref7"
"202","臺北市","信義區",0.775194233501853,0.760754488082229,0.778258353949796,0.664292249815761,0.631701993371343,0.592039307790867,0.423905326068805,0.372908695566961,0.379760842642823,0.594447575077873,43.99,0.47425336986133,"中國國民黨",0.778258353949796,"ref9"
"203","南投縣","信義鄉",0.809257176111734,0.789208406708082,0.743725028851219,0.839957054030794,0.762535676198176,0.678781706324252,0.405964126048506,0.233089473779566,0.208664869932845,0.632478167906268,80.96,0.591129104055302,"中國國民黨",0.839957054030794,"ref10"
"204","高雄市","前金區",0.759562826302599,0.733331216253643,0.739448500379911,0.721929744747942,0.680179497882854,0.628188258200271,0.51199595177925,0.336154791791508,0.347524055992367,0.573549296374258,53.83,0.438838466191701,"中國國民黨",0.759562826302599,"ref7"
"205","高雄市","前鎮區",0.778249264150552,0.747661976618632,0.762284713983591,0.738694622269271,0.69233310265014,0.63879788517295,0.501593930436796,0.324831201797306,0.338680800321299,0.592139841884235,52.53,0.474236151071324,"中國國民黨",0.778249264150552,"ref7"
"206","臺南市","南化區",0.78710263505061,0.757330170143873,0.747409062207233,0.78623780217367,0.706100864495911,0.601043877797048,0.490753241826639,0.287106407208476,0.313957707211021,0.582084246610433,41.26,0.491007075299507,"中國國民黨",0.78710263505061,"ref7"
"207","臺中市","南屯區",0.812524166827853,0.778308382915573,0.787250463364116,0.700231772325487,0.663905106952316,0.619515508620775,0.422464526434034,0.334073789549908,0.345863345488723,0.600855658620012,58.19,0.539163036233857,"中國國民黨",0.812524166827853,"ref7"
"208","屏東縣","南州鄉",0.782003675551604,0.750497337860521,0.750350561812603,0.762748536211351,0.677615218878701,0.593942683001088,0.558381150962962,0.342970947960901,0.353298639926511,0.577996085471623,54.91,0.481348125689721,"民主進步黨",0.782003675551604,"ref7"
"209","苗栗縣","南庄鄉",0.787813979887038,0.776604301809561,0.760490831984335,0.789545116088454,0.689508496480681,0.580043031686124,0.37138092006684,0.268541840238793,0.291621656602185,0.586532892262624,66.42,0.495633862641512,"中國國民黨",0.789545116088454,"ref10"
"210","南投縣","南投市",0.821963337214172,0.79740208401878,0.800520056422461,0.767310794705995,0.705641297472776,0.62708238484507,0.415726168554616,0.277487760967236,0.295546442740116,0.624902735780155,68.02,0.557043639352476,"中國國民黨",0.821963337214172,"ref7"
"211","連江縣","南竿鄉",0.882161529852812,0.862968969176847,0.872013380638701,0.783549277607194,0.750987141725215,0.663608746216699,0.213707684783554,0.247228477340153,0.265334017039247,0.709339361828705,62.12,0.671076965055526,"中國國民黨",0.882161529852812,"ref7"
"212","臺中市","南區",0.806855647045208,0.769724914965194,0.783246790486288,0.709002857275494,0.667565288769614,0.62195305011934,0.453958081646832,0.339842986672673,0.347345159971055,0.590779419801198,56.24,0.528425169625323,"中國國民黨",0.806855647045208,"ref7"
"213","臺南市","南區",0.759673418740066,0.729286276858464,0.743532453662714,0.727012633410328,0.680347230305298,0.636104878397178,0.542760198513838,0.332797707998024,0.343307487499087,0.564022352649911,39.35,0.439047961242784,"民主進步黨",0.759673418740066,"ref7"
"214","臺北市","南港區",0.782467265460914,0.76016444818673,0.773082677387076,0.660534350027164,0.621763928597486,0.580777482009415,0.440809665875319,0.384017786964487,0.392772858936173,0.580213726654448,43.37,0.482226303203096,"無",0.782467265460914,"ref7"
"215","宜蘭縣","南澳鄉",0.821630876533877,0.818500939717655,0.799022616980538,0.854221312500052,0.79970108284954,0.679359378690818,0.269843259827394,0.192762481457418,0.207288459650744,0.635538803121906,88.73,0.618149862663482,"中國國民黨",0.854221312500052,"ref10"
"216","屏東縣","屏東市",0.789717878137467,0.760336125921975,0.76930480565766,0.739341226868115,0.682206922259626,0.615604607900898,0.481807131256816,0.318436508229764,0.345104548304842,0.592358781614271,52.39,0.495961125473512,"民主進步黨",0.789717878137467,"ref7"
"217","臺南市","後壁區",0.776946503373738,0.740802464162095,0.760810438758818,0.766801779520739,0.698411233303199,0.625916159325828,0.591791408845105,0.315638643464366,0.345647673700745,0.571885279112382,45.95,0.471768333725588,"民主進步黨",0.776946503373738,"ref7"
"218","苗栗縣","後龍鎮",0.787450170761042,0.743148747820845,0.758752748438696,0.767806037802028,0.676012350254456,0.584536696925441,0.459094424514923,0.292085479112505,0.319390533161942,0.575842814946616,49.69,0.491665411557193,"無",0.787450170761042,"ref7"
"219","屏東縣","恆春鎮",0.808628310174866,0.766614276357191,0.748416897919365,0.754474451824138,0.66790979124928,0.562965701307693,0.493744252892834,0.312622514497208,0.326404136834823,0.57081643312297,58.05,0.53178312213462,"民主進步黨",0.808628310174866,"ref7"
"220","屏東縣","春日鄉",0.784817476820914,0.765626289843952,0.745142908610638,0.761407818758101,0.675267412940498,0.643633488134711,0.367557095742258,0.329810213534643,0.331405507234487,0.597946379824407,57.38,0.486678304263902,"中國國民黨",0.784817476820914,"ref7"
"221","臺南市","柳營區",0.793718121278467,0.758206242376186,0.760064672858181,0.766851260449226,0.695206160229662,0.619141683759053,0.561595072325905,0.307304079445931,0.332122527457258,0.59313160041107,42.68,0.503538778705185,"民主進步黨",0.793718121278467,"ref7"
"222","高雄市","美濃區",0.794088940486046,0.775212134693449,0.776209158196053,0.800758200416398,0.73812331438945,0.637666105427098,0.434235819624808,0.265784764361425,0.276398296754898,0.59664223410347,61.09,0.516874787680239,"中國國民黨",0.800758200416398,"ref10"
"223","苗栗縣","苑裡鎮",0.782166488648839,0.740027982490799,0.768284951859744,0.779217653498536,0.697394555568112,0.608380967409838,0.478465053742092,0.276133083066643,0.299317784493228,0.579428204008137,54.92,0.48165654224065,"中國國民黨",0.782166488648839,"ref7"
"224","高雄市","苓雅區",0.766443978257564,0.736954470156838,0.760211894457485,0.724953816821036,0.686514565949142,0.640141799125985,0.491595582189257,0.332527555353074,0.347177810357936,0.582967442326893,54.6,0.451873419696086,"中國國民黨",0.766443978257564,"ref7"
"225","苗栗縣","苗栗市",0.82698938118416,0.801840692260101,0.816720638142699,0.764900811991281,0.713859856179252,0.629407295585774,0.331850652824879,0.279958739406324,0.316180980526187,0.628620382701556,61.27,0.566564465209623,"中國國民黨",0.82698938118416,"ref7"
"226","高雄市","茂林區",0.82989092485353,0.8092407633594,0.780982005375482,0.818274394641784,0.751245265562585,0.651251526251526,0.32121607489429,0.225194969028774,0.238558613009195,0.64519450624056,91.83,0.572060854051013,"中國國民黨",0.82989092485353,"ref7"
"227","高雄市","茄萣區",0.755314620568776,0.723840700998436,0.740433750189268,0.760012697576971,0.707073814884805,0.632452875088025,0.532298100701858,0.312674927790146,0.338394778299375,0.559887620070122,50.74,0.439690656520119,"民主進步黨",0.760012697576971,"ref10"
"228","新竹市","香山區",0.798686694927286,0.775114447539819,0.789815627591859,0.730039900635311,0.674941978486924,0.611258738430496,0.436915141474567,0.321662093885117,0.333053790049068,0.601417020310639,54.43,0.512950738638541,"民主進步黨",0.798686694927286,"ref7"
"229","宜蘭縣","員山鄉",0.776885610013041,0.760832248114698,0.752519359838451,0.744585028369572,0.66175287347867,0.578973444329111,0.533245770725593,0.331801593595953,0.335481417941549,0.571400402205582,44.47,0.47165298354431,"民主進步黨",0.776885610013041,"ref7"
"230","彰化縣","員林市",0.796598699627119,0.768065587974951,0.780233491261715,0.748970400351889,0.685965241903937,0.60651864156621,0.433206211569373,0.304755094067379,0.312651782123442,0.602171493500605,49.95,0.508995452978062,"中國國民黨",0.796598699627119,"ref7"
"231","彰化縣","埔心鄉",0.788414546390009,0.755825045129957,0.772261043893491,0.765740310252095,0.691817908749807,0.602527828152583,0.458487304450838,0.289462407249687,0.307174047635538,0.604152571080277,47.38,0.493492226539134,"中國國民黨",0.788414546390009,"ref7"
"232","南投縣","埔里鎮",0.832019925197136,0.804435673681327,0.800808126967165,0.781539411852729,0.702602674924148,0.60769378329479,0.386765034853026,0.266535809668658,0.294970799816014,0.61490344670069,70.04,0.576093815489934,"中國國民黨",0.832019925197136,"ref7"
"233","彰化縣","埔鹽鄉",0.816700655312123,0.769737116571252,0.794549199332726,0.789635151789068,0.721783813265768,0.621935955769013,0.405225559240275,0.251180757736137,0.269996016376521,0.61256457576222,60.82,0.54707455069544,"中國國民黨",0.816700655312123,"ref7"
"234","新竹縣","峨眉鄉",0.786542882064402,0.766138435837805,0.77335338675379,0.803512408083061,0.731297390119967,0.631395667878087,0.414075742171977,0.239164832987003,0.261879296745741,0.581872603552327,53.52,0.522092078202427,"中國國民黨",0.803512408083061,"ref10"
"235","屏東縣","崁頂鄉",0.782832959546239,0.7481912829334,0.744481461371201,0.744850485822945,0.676559098138514,0.607152807090717,0.552345703529291,0.325223146692862,0.344360482203298,0.585454182038701,59.33,0.482919036836975,"民主進步黨",0.782832959546239,"ref7"
"236","桃園市","桃園區",0.788317156667145,0.766750196139393,0.788133837699989,0.696939474436619,0.648780698509183,0.592157022670908,0.435247983152474,0.345268347695033,0.36184204752276,0.601050709929552,52.11,0.493307741366064,"民主進步黨",0.788317156667145,"ref7"
"237","高雄市","桃源區",0.802596448542902,0.777612025782297,0.75086750765755,0.827237840233966,0.741528820603973,0.659550301470608,0.300950588927367,0.23542920012428,0.216017195894407,0.602753021636364,88.51,0.567035120731135,"中國國民黨",0.827237840233966,"ref10"
"238","新北市","泰山區",0.788850265932844,0.767514648294421,0.783662019228577,0.716670406756196,0.663668726811545,0.600183283485729,0.455608663703664,0.340987039643285,0.350948947180193,0.587367561288071,54.23,0.494317609268506,"中國國民黨",0.788850265932844,"ref7"
"239","苗栗縣","泰安鄉",0.805890177108214,0.781715696607487,0.778100698646585,0.808849332053722,0.715878519044791,0.610615020576771,0.331321617083787,0.222662082595052,0.24179718775018,0.575770564802443,65.21,0.532201803473616,"中國國民黨",0.808849332053722,"ref10"
"240","屏東縣","泰武鄉",0.777951917376613,0.750992916666373,0.743166024511783,0.800030370470071,0.71665693854622,0.653542067236948,0.335388919988081,0.244061727312466,0.263027867626161,0.600505651261162,52.21,0.515496060750277,"民主進步黨",0.800030370470071,"ref10"
"241","臺東縣","海端鄉",0.743608331296994,0.740131778959052,0.712912823980018,0.812112221092644,0.704334122451097,0.57984413516051,0.330088583913094,0.21453635359235,0.23952402442495,0.557995042383871,74.82,0.538382688184588,"中國國民黨",0.812112221092644,"ref10"
"242","金門縣","烈嶼鄉",0.871973120543849,0.857492463586857,0.853167372211774,0.815972918118322,0.76005061478374,0.675395504537994,0.197725556719669,0.200632796523235,0.213359337214695,0.702426280157783,46.97,0.651777080022445,"無",0.871973120543849,"ref7"
"243","臺中市","烏日區",0.809359591210889,0.776499231318175,0.786796811864527,0.739455657487975,0.682833776862453,0.606303285102465,0.445325197610824,0.305715973904621,0.318000814486705,0.5950931073805,56.91,0.533168386457452,"中國國民黨",0.809359591210889,"ref7"
"244","新北市","烏來區",0.81779501531138,0.788424705231975,0.797061042212411,0.767507957602711,0.721231780666676,0.62738066459258,0.438959452642906,0.292819312402905,0.291385908098101,0.620469195751377,64.77,0.54914759483118,"中國國民黨",0.81779501531138,"ref7"
"245","金門縣","烏坵鄉",0.896371308016878,0.87012012012012,0.876182432432432,0.84296646043634,0.783333333333333,0.707619047619048,0.274090107423441,0.231578947368421,0.236690865093769,0.606724194073592,69.86,0.697994521721686,"無",0.896371308016878,"ref7"
"246","屏東縣","琉球鄉",0.822264865207475,0.767089129464417,0.754262025756343,0.81061752867401,0.7284458970756,0.635480507836875,0.434917918664507,0.245095243092031,0.236681576907645,0.621575056217554,69.26,0.557614823276141,"中國國民黨",0.822264865207475,"ref7"
"247","臺中市","神岡區",0.806442358245527,0.766531107230554,0.781881597445525,0.759425821081647,0.688745531542067,0.600090454570777,0.461375161005927,0.292615299387076,0.301101153623773,0.582336495868043,49.65,0.527642277411493,"民主進步黨",0.806442358245527,"ref7"
"248","南投縣","草屯鎮",0.819132924837328,0.791393335497119,0.795877846480801,0.757688747476592,0.691569346462394,0.602572186330453,0.426245432355472,0.285765611512268,0.312600321484687,0.616517105733863,53.79,0.551681994387816,"中國國民黨",0.819132924837328,"ref7"
"249","新北市","貢寮區",0.754633250334368,0.734306733709193,0.7424119821486,0.760344753751798,0.674259662483363,0.578505449948607,0.548826847843678,0.303445680529089,0.313778569940523,0.505207133710556,54.21,0.440319669921951,"民主進步黨",0.760344753751798,"ref10"
"250","澎湖縣","馬公市",0.806485456387771,0.780225068363432,0.797691496653785,0.764116960360066,0.708512423668082,0.635719010478286,0.404002540286051,0.288385953527123,0.301475856219947,0.631673761538329,41.14,0.527723918143154,"中國國民黨",0.806485456387771,"ref7"
"251","屏東縣","高樹鄉",0.756960347739745,0.718629775609471,0.729087354675104,0.75615882075055,0.665398181719641,0.591859215270493,0.582878260354401,0.317777191122124,0.340803423147125,0.578985603249822,63.26,0.433908595832061,"民主進步黨",0.756960347739745,"ref7"
"252","南投縣","國姓鄉",0.827381152307178,0.785624602169394,0.78966560883476,0.802079060526549,0.717703732140647,0.600847974707146,0.398546807747949,0.264618939110862,0.260231322072176,0.612177507421742,68.21,0.567306596528089,"中國國民黨",0.827381152307178,"ref7"
"253","彰化縣","埤頭鄉",0.786679802760587,0.77212503970383,0.789480852173276,0.762333277385309,0.683343257651703,0.604419657638477,0.454183364501447,0.288304080029105,0.305699369389405,0.60900440846641,50.67,0.495512127625073,"中國國民黨",0.789480852173276,"ref9"
"254","臺南市","將軍區",0.78459978174074,0.750302840168119,0.762368056037384,0.756551614536096,0.728881153246157,0.656213759332572,0.601927503304525,0.294071456583359,0.285853859959053,0.582506078999688,45.68,0.486265924873537,"民主進步黨",0.78459978174074,"ref7"
"255","雲林縣","崙背鄉",0.763738028416734,0.738285955624275,0.761569130619358,0.773055311677676,0.693905630532543,0.596251912983285,0.506439086999202,0.307467160112205,0.316377853086819,0.585904753514979,54.85,0.464397256445683,"中國國民黨",0.773055311677676,"ref10"
"256","澎湖縣","望安鄉",0.79601847404184,0.778461725729662,0.749544268174216,0.781949420122737,0.692819489892024,0.655373513514308,0.486081648104897,0.295122645741499,0.299754753475796,0.611343710116531,44.92,0.507896332718015,"民主進步黨",0.79601847404184,"ref7"
"257","嘉義縣","梅山鄉",0.789476366402951,0.755282912128221,0.76544347653708,0.779335940236189,0.69981298751082,0.61741228848913,0.497274720339592,0.28514373675951,0.303449978139465,0.581911538321897,43.22,0.495503630238589,"民主進步黨",0.789476366402951,"ref7"
"258","高雄市","梓官區",0.78449734335569,0.739737245621152,0.754676511197366,0.771813258612332,0.723441008146734,0.652973214531329,0.524803234160939,0.315637414695852,0.313688705383967,0.586589872504171,51.87,0.486071876028964,"民主進步黨",0.78449734335569,"ref7"
"259","臺中市","梧棲區",0.807125635232836,0.761135039204958,0.789355375784018,0.740040716433003,0.668244219582763,0.579428363935698,0.451961271272896,0.301122880215523,0.31341887349104,0.602495585492741,51.14,0.528936607753052,"中國國民黨",0.807125635232836,"ref7"
"260","新北市","淡水區",0.784712803625603,0.765861771489227,0.779365203956219,0.696006907071843,0.657346151550489,0.596448293864249,0.428046755300315,0.36171039550214,0.35802101172319,0.589381862127711,60.33,0.486480022022359,"中國國民黨",0.784712803625603,"ref7"
"261","新北市","深坑區",0.788790216282755,0.767348576146576,0.77532669562202,0.700948717364018,0.650982887705664,0.581981035800147,0.457885660134457,0.34995883397767,0.358189914124109,0.590098376128539,59.97,0.494203857326681,"中國國民黨",0.788790216282755,"ref7"
"262","臺中市","清水區",0.817051995925346,0.769309864030823,0.788092719949366,0.752426594723944,0.68664123112374,0.604908157257188,0.450855346925818,0.305633554630561,0.323624397338832,0.610162663838304,52.13,0.547740094573491,"中國國民黨",0.817051995925346,"ref7"
"263","連江縣","莒光鄉",0.872527546458953,0.830101151818244,0.847233615896454,0.765478449444294,0.704013343421143,0.616369047619048,0.236684569766141,0.245432818461626,0.266227226952302,0.692887532371439,67.16,0.652827328014687,"中國國民黨",0.872527546458953,"ref7"
"264","苗栗縣","通霄鎮",0.775372267218442,0.724876122322249,0.748792500135663,0.777716251980627,0.697336175063542,0.613480418028781,0.455851095063054,0.291182818460816,0.307794128714039,0.581634614936767,49.99,0.473226467097229,"無",0.777716251980627,"ref10"
"265","苗栗縣","造橋鄉",0.808829925398622,0.783457506641555,0.784530304415044,0.781568593858837,0.701559903274032,0.604475117831076,0.376608661596716,0.271711880229366,0.282908098156346,0.597762205002408,60.51,0.532165041482519,"中國國民黨",0.808829925398622,"ref7"
"266","南投縣","魚池鄉",0.818337618810135,0.784906355902481,0.780696948566496,0.797943013060808,0.705255432401294,0.571331062741302,0.428978362733763,0.294235999940558,0.295406750135424,0.611876012821571,68.99,0.550175447641855,"中國國民黨",0.818337618810135,"ref7"
"267","高雄市","鳥松區",0.773280440868871,0.74107329579396,0.758809488517622,0.733762274320938,0.685106704670756,0.629150885429076,0.520188215496953,0.347247223704758,0.348005579140212,0.575333989469183,52.23,0.464823718258896,"中國國民黨",0.773280440868871,"ref7"
"268","南投縣","鹿谷鄉",0.826787662429816,0.796298022993936,0.790882271886253,0.795360407882095,0.707151081297917,0.580236230881319,0.420751264395423,0.310998601417751,0.288398719484135,0.625778769997629,72.48,0.566182349743921,"中國國民黨",0.826787662429816,"ref7"
"269","嘉義縣","鹿草鄉",0.788507166301396,0.757385328376237,0.753359555643626,0.766653545388515,0.691022958090822,0.613027993526403,0.564179995454115,0.306860428943656,0.356422183534476,0.586915186590384,60.44,0.493667676267088,"民主進步黨",0.788507166301396,"ref7"
"270","臺東縣","鹿野鄉",0.758079936417818,0.738221316372164,0.743165563647351,0.753023899439022,0.677037592807968,0.579185992261763,0.441323373312138,0.295765180823553,0.309445455816835,0.592814433628833,52.09,0.436029430607725,"中國國民黨",0.758079936417818,"ref7"
"271","彰化縣","鹿港鎮",0.806561561894871,0.767893323706394,0.785218576124785,0.770435008361586,0.697717714048627,0.613670189312782,0.483931868233564,0.286978219618973,0.302888242519749,0.588947045212335,57.8,0.527868084665412,"中國國民黨",0.806561561894871,"ref7"
"272","雲林縣","麥寮鄉",0.76645320502272,0.738936680037653,0.78246025462724,0.763866227021237,0.691290796065429,0.592765475165531,0.441413462095899,0.292243658944069,0.296559135360821,0.596783771902263,68.02,0.482213022593749,"中國國民黨",0.78246025462724,"ref9"
"273","臺南市","麻豆區",0.762423782969304,0.729808711382799,0.741182482081556,0.730606893274689,0.661892206382226,0.603867769097437,0.619616093314668,0.344467079509547,0.380100716578816,0.560815986781431,48.58,0.444257971148521,"民主進步黨",0.762423782969304,"ref7"
"274","臺南市","善化區",0.763601474772605,0.730072449568459,0.749999676160139,0.715492015104777,0.670542292416448,0.621973229421377,0.550830409929841,0.350922504819397,0.368923854591316,0.565296854921809,39.4,0.446488870567541,"民主進步黨",0.763601474772605,"ref7"
"275","花蓮縣","富里鄉",0.794194607573186,0.768228572178951,0.746765723990146,0.799634882140875,0.691909540075012,0.5605604236233,0.390008414673692,0.240820548286559,0.274862641116473,0.603983241915737,77.81,0.514746887934978,"中國國民黨",0.799634882140875,"ref10"
"276","桃園市","復興區",0.823636666700356,0.790910278293804,0.780320522509505,0.851956111930761,0.768777089123444,0.652293800098707,0.36061443237448,0.197562344388812,0.200212093293173,0.586303543985268,52.38,0.61385889738731,"民主進步黨",0.851956111930761,"ref10"
"277","新竹縣","湖口鄉",0.815546763429812,0.787980459411949,0.800963460471229,0.759337204755314,0.703605622096539,0.616650651035325,0.356311536444002,0.290104646958423,0.305396464293848,0.600191504880316,39.87,0.544888735423019,"中國國民黨",0.815546763429812,"ref7"
"278","高雄市","湖內區",0.783896577911773,0.739885480909828,0.738402205747604,0.75889232564007,0.695522404695986,0.625395611962889,0.523675699525967,0.31499859997096,0.321232444044368,0.583597824869432,49.67,0.48493384715244,"中國國民黨",0.783896577911773,"ref7"
"279","澎湖縣","湖西鄉",0.808168160649234,0.789192879435979,0.798623793317155,0.789339404375691,0.733238221819668,0.629811898398433,0.438666251885892,0.276070025393752,0.281524409038778,0.649743117989908,39.34,0.530911461733726,"民主進步黨",0.808168160649234,"ref7"
"280","嘉義縣","番路鄉",0.815070054200702,0.780299367932215,0.781422924325142,0.813847159649413,0.74007912249366,0.632046777241141,0.448161950269144,0.238748567584913,0.252166576131079,0.559487060186637,36.38,0.543985706006255,"中國國民黨",0.815070054200702,"ref7"
"281","雲林縣","莿桐鄉",0.77258346698356,0.741433971225413,0.73964867069554,0.759999247385143,0.685353418163961,0.592909369181048,0.519048530123435,0.311147032451468,0.331294783914672,0.59459095690962,48.24,0.463503441908619,"民主進步黨",0.77258346698356,"ref7"
"282","南投縣","集集鎮",0.766449241440349,0.794818801740808,0.780880119091156,0.761719284501276,0.681553849583076,0.573545712925251,0.41476471366803,0.286211593074268,0.304928567262159,0.616459054563584,68.63,0.505623795682531,"中國國民黨",0.794818801740808,"ref8"
"283","臺南市","新化區",0.782833161794747,0.752584718225146,0.756713282290191,0.749153751049418,0.696629591038428,0.626558526340817,0.521489829654669,0.320708534946966,0.348472161981804,0.566083960999957,38.46,0.482919419955952,"民主進步黨",0.782833161794747,"ref7"
"284","臺南市","新市區",0.765223814089191,0.737495848966923,0.765147600637622,0.736639558676953,0.686104642959695,0.620582475877228,0.546785254047388,0.32487270085004,0.349222766239916,0.577512238953211,37.42,0.449562064953952,"民主進步黨",0.765223814089191,"ref7"
"285","新北市","新店區",0.810797233647231,0.79503281493137,0.799147923126837,0.703358698963038,0.668376431195941,0.617081919184627,0.373391915807425,0.331028404266301,0.340249733252782,0.621040933302529,68.73,0.535891709882991,"中國國民黨",0.810797233647231,"ref7"
"286","臺中市","新社區",0.816726610391353,0.78990141951456,0.794730117118557,0.790576623953213,0.723448397340143,0.624902167305762,0.43586391648549,0.258419822685514,0.280844041458174,0.598629946654892,58.51,0.547123717354334,"中國國民黨",0.816726610391353,"ref7"
"287","花蓮縣","新城鄉",0.810726043833192,0.781527491443167,0.764672112281321,0.777123027346081,0.705731193944558,0.593244084735306,0.380830756179606,0.273052935606757,0.294495815146158,0.61203462888519,71.41,0.535756855149066,"中國國民黨",0.810726043833192,"ref7"
"288","桃園市","新屋區",0.791266351963805,0.755100027668361,0.776145148632582,0.771163311385053,0.692302662385071,0.580035397858875,0.448376469973287,0.27828756067729,0.29645614967093,0.588444498155918,61.28,0.498894396597471,"民主進步黨",0.791266351963805,"ref7"
"289","新竹縣","新埔鎮",0.809370090726582,0.783663266067382,0.796607601507645,0.770755561790959,0.705166490245361,0.614953615606124,0.366028133578061,0.279335694204669,0.29795539138792,0.616694287145541,35.99,0.533188275670737,"中國國民黨",0.809370090726582,"ref7"
"290","屏東縣","新埤鄉",0.772575603999202,0.743579757201168,0.727096757343794,0.790512012589168,0.68417741596744,0.609044579777578,0.52972375875828,0.282545727962933,0.310703685287399,0.579409782024677,57.1,0.497465452906172,"民主進步黨",0.790512012589168,"ref10"
"291","新北市","新莊區",0.772648257176957,0.74974200092766,0.772247876237999,0.699246161144924,0.651799875800118,0.590725226598788,0.478136955181637,0.359191837517774,0.365252161029939,0.583418608766817,51.72,0.463626173852921,"中國國民黨",0.772648257176957,"ref7"
"292","嘉義縣","新港鄉",0.772030550000285,0.735845722839872,0.751385408222615,0.773206174564528,0.690822127620678,0.617269875415006,0.580854276693082,0.317391465263882,0.334706127312214,0.582754637035154,58.72,0.464683035735041,"民主進步黨",0.773206174564528,"ref10"
"293","屏東縣","新園鄉",0.774731668976451,0.740491283736414,0.738334680514609,0.761955698539334,0.680890781942435,0.608631510126726,0.56947405142008,0.30221806854861,0.330640480381907,0.584827722615178,58.2,0.467572776996497,"民主進步黨",0.774731668976451,"ref7"
"294","高雄市","新興區",0.767053554405337,0.727749646663651,0.740530106676459,0.717612643247657,0.671365112535603,0.632419467184168,0.516103343615292,0.346939203987447,0.360713368595559,0.569483509773513,53.34,0.453028138672735,"中國國民黨",0.767053554405337,"ref7"
"295","臺南市","新營區",0.786364913188181,0.757210039346361,0.769021093273045,0.726804324662488,0.676669294446919,0.613305370359994,0.503695317578145,0.326957162555559,0.352622606896648,0.597597787820256,36.98,0.489609610131049,"中國國民黨",0.786364913188181,"ref7"
"296","新竹縣","新豐鄉",0.806605757277382,0.778206573523824,0.792924393007736,0.760547344155683,0.699997348990142,0.625092917984167,0.378865734979619,0.290095676291031,0.29985834522651,0.592113605204193,36.97,0.527951803897295,"民國黨",0.806605757277382,"ref7"
"297","基隆市","暖暖區",0.800960977761163,0.78157023066585,0.782254103065799,0.718928784761062,0.6638246018485,0.605828230473687,0.426690669183133,0.344124160372687,0.344912551720229,0.597253493361893,53.24,0.51725890843183,"民主進步黨",0.800960977761163,"ref7"
"298","桃園市","楊梅區",0.816078234877851,0.790905775323206,0.806603155176464,0.757098490121882,0.699036795528817,0.624295949348745,0.373354029248173,0.288344467619081,0.31530943875925,0.622739395667434,51.8,0.545895500810477,"民主進步黨",0.816078234877851,"ref7"
"299","臺南市","楠西區",0.794341185201905,0.775490716143841,0.776698431194664,0.797021967546685,0.729699403791906,0.629590614715631,0.451948967371687,0.25256608396602,0.278382233384168,0.595133077756659,48.56,0.509797248620354,"中國國民黨",0.797021967546685,"ref10"
"300","高雄市","楠梓區",0.789020917743946,0.76134043201445,0.775943732976009,0.733428541250097,0.694507749555249,0.636425573385249,0.467262963163713,0.326364390869271,0.332527310860339,0.60124617342581,56.58,0.494640874680708,"中國國民黨",0.789020917743946,"ref7"
"301","嘉義縣","溪口鄉",0.777856723224447,0.741568486602306,0.743942307376186,0.780591609778813,0.721522886618231,0.630496097189493,0.573767498088331,0.324856254431809,0.343528181803238,0.574006133502566,54.43,0.478673252090951,"民主進步黨",0.780591609778813,"ref10"
"302","彰化縣","溪州鄉",0.791417762224478,0.766641636236358,0.764607578957887,0.781358874837826,0.699870008000656,0.594632856593516,0.504175715462525,0.311081838084886,0.315883344633254,0.577200118846016,48.28,0.499181212776052,"中國國民黨",0.791417762224478,"ref7"
"303","彰化縣","溪湖鎮",0.805669943418862,0.78333894079315,0.78636469520873,0.759948891773284,0.691791899224612,0.613299842600965,0.430594034650488,0.286747661412904,0.311377459413144,0.605506335989963,53.67,0.52617909342463,"中國國民黨",0.805669943418862,"ref7"
"304","屏東縣","獅子鄉",0.824279957017295,0.801157609556183,0.777747357268066,0.816692680079423,0.73895691781887,0.682912991100248,0.297131826892073,0.244554358110224,0.251325536175883,0.588110984931965,64.02,0.561432007988814,"中國國民黨",0.824279957017295,"ref7"
"305","苗栗縣","獅潭鄉",0.83438409354451,0.802454923146628,0.793134262138338,0.819747452115634,0.740549120043925,0.62348778081912,0.346805194915167,0.22999535084562,0.255706271282778,0.631870828596533,69.92,0.580572255246278,"中國國民黨",0.83438409354451,"ref7"
"306","新北市","瑞芳區",0.790114299678458,0.772012413249178,0.768430185152561,0.75409287756692,0.675573497279947,0.598915512575672,0.468146979388682,0.309688987815037,0.327356974510104,0.591341879027683,62.49,0.496712066070199,"中國國民黨",0.790114299678458,"ref7"
"307","花蓮縣","瑞穗鄉",0.802529596153383,0.769107244975853,0.767486659648912,0.822772234149059,0.734390241295077,0.618658728463148,0.356479733956659,0.218651065082677,0.240542132976452,0.610679344248026,75.78,0.558575931329909,"中國國民黨",0.822772234149059,"ref10"
"308","嘉義縣","義竹鄉",0.793876418368987,0.752811548513948,0.761811389507083,0.789127218195616,0.715858864177969,0.644214159326753,0.546294647445395,0.286258703201237,0.318578609394937,0.605083917869208,70.93,0.503838640592891,"民主進步黨",0.793876418368987,"ref7"
"309","屏東縣","萬丹鄉",0.772113464473305,0.73946887619487,0.74574661594613,0.767014733123723,0.690948500686509,0.617695187911621,0.526563277878376,0.307217562870384,0.33700814557745,0.571687088808478,58.29,0.462613117017058,"民主進步黨",0.772113464473305,"ref7"
"310","新北市","萬里區",0.792239859452467,0.761375318314581,0.769901115786166,0.765887282624329,0.699934123884433,0.605406553919067,0.465214169451426,0.275902373829293,0.298091039941,0.579869505009462,57.05,0.500738510044453,"中國國民黨",0.792239859452467,"ref7"
"311","臺北市","萬華區",0.765833108959109,0.744602306117041,0.759929409372801,0.677455942526325,0.634116570968221,0.583183441827667,0.476276386922433,0.37263313875693,0.386086171539334,0.57488391636145,41.59,0.450716251106477,"無",0.765833108959109,"ref7"
"312","花蓮縣","萬榮鄉",0.756733720235641,0.741775600434575,0.712469124890406,0.817180463731658,0.72508783737937,0.627528290098224,0.365951698291188,0.240634346512914,0.243499539150498,0.595701020984697,83.7,0.547983450902932,"中國國民黨",0.817180463731658,"ref10"
"313","屏東縣","萬巒鄉",0.764083483138218,0.732270712640535,0.741674580601446,0.777411592394757,0.704675661908222,0.583304703530506,0.568114908343102,0.309626852968109,0.340342402620399,0.575608287206749,66.98,0.472649351003518,"民主進步黨",0.777411592394757,"ref10"
"314","高雄市","路竹區",0.77955497809092,0.752118554067917,0.760702439973832,0.754625630810829,0.6874879256674,0.615449812587916,0.498595413763577,0.31976146082643,0.330678892481662,0.582841440879054,52.43,0.476709562589354,"中國國民黨",0.77955497809092,"ref7"
"315","臺東縣","達仁鄉",0.787817245234527,0.801360250614308,0.763084431093335,0.817440402593908,0.757865132612138,0.695257689527796,0.313575991059609,0.212687721001212,0.220280716072016,0.48677484431031,69.11,0.548475852612063,"中國國民黨",0.817440402593908,"ref10"
"316","高雄市","鼓山區",0.783199593396269,0.758827415727036,0.770396039771267,0.725224692014841,0.696436528292142,0.639702689445422,0.474573726690414,0.333070660669317,0.33728801834689,0.601288296072896,57.04,0.483613550665408,"中國國民黨",0.783199593396269,"ref7"
"317","花蓮縣","壽豐鄉",0.785070299113856,0.760580170858926,0.757840404244088,0.788019656440897,0.710628038293736,0.608806843231819,0.394856137568463,0.263975827502992,0.289071287273312,0.580821232304407,71.53,0.49274418723413,"中國國民黨",0.788019656440897,"ref10"
"318","彰化縣","彰化市",0.796655729937192,0.760946532029385,0.774065199976569,0.741296513378801,0.688702050092311,0.622711998683467,0.45328776417972,0.318629107310901,0.32118487051863,0.584917371117857,53.12,0.509103485389642,"中國國民黨",0.796655729937192,"ref7"
"319","高雄市","旗山區",0.784377927127321,0.753561350972829,0.757498297992482,0.776596122793194,0.698866637153432,0.614164979462232,0.514270600209824,0.309340237491128,0.3398187032278,0.600512610769318,52.34,0.485845666086988,"中國國民黨",0.784377927127321,"ref7"
"320","高雄市","旗津區",0.758401749759337,0.735136369880221,0.739428847730108,0.73499954078838,0.702623976669611,0.644457765156346,0.576144206085781,0.328162501175198,0.350191756786281,0.568385680803885,53.27,0.436639041029242,"民主進步黨",0.758401749759337,"ref7"
"321","屏東縣","滿州鄉",0.801974593074425,0.757221147307423,0.755544119244715,0.767254854316861,0.661426878609902,0.569621884752136,0.50310311027319,0.304266985550218,0.334830959537628,0.577399962267456,60.64,0.519178998057255,"民主進步黨",0.801974593074425,"ref7"
"322","屏東縣","瑪家鄉",0.786298011118122,0.780073344070956,0.743782183572143,0.78891892692536,0.734330010242311,0.66690181599142,0.342605018747027,0.25837767246529,0.261349604046622,0.620010641243909,51.4,0.494447673660466,"中國國民黨",0.78891892692536,"ref10"
"323","彰化縣","福興鄉",0.796364289494281,0.769612956204528,0.772019407503768,0.774968919496595,0.709373721739923,0.63131367999447,0.491695405076243,0.281710509678742,0.316565633091626,0.598316107887971,57.65,0.508551410294148,"中國國民黨",0.796364289494281,"ref7"
"324","臺東縣","綠島鄉",0.79718291911994,0.779987208410613,0.779452332404112,0.709750461816522,0.679015521414511,0.614376236998224,0.35071312575813,0.330353802356575,0.311795041500433,0.591209982699425,65.81,0.510102138889828,"中國國民黨",0.79718291911994,"ref7"
"325","雲林縣","臺西鄉",0.798279073420569,0.75819838677602,0.776466921874018,0.781356033291578,0.711042521852372,0.606718654344821,0.467814584114331,0.263292489315569,0.287018176796262,0.615345897728818,63.59,0.512178581967359,"中國國民黨",0.798279073420569,"ref7"
"326","臺東縣","臺東市",0.807032650689217,0.787455107683224,0.780893501721678,0.772963329783046,0.714639844676062,0.627454875792657,0.379257232186542,0.269326272231754,0.290939723408202,0.609660431061287,56.04,0.528760467302931,"中國國民黨",0.807032650689217,"ref7"
"327","苗栗縣","銅鑼鄉",0.820274314643391,0.798520112967231,0.7934925716218,0.774495603945329,0.70820934108186,0.58907461110172,0.356216317406671,0.263757056274281,0.286297015116222,0.612324404108291,59.22,0.553844127000172,"中國國民黨",0.820274314643391,"ref7"
"328","高雄市","鳳山區",0.792510013839381,0.765030432481453,0.78325988126555,0.739756464303581,0.695736473805257,0.641483802580002,0.466871178168356,0.32626101655106,0.330102356856363,0.603873175314458,56.54,0.501250263003184,"中國國民黨",0.792510013839381,"ref7"
"329","花蓮縣","鳳林鎮",0.812587716137947,0.793026820625215,0.787877056735821,0.798628889459011,0.720631692789481,0.621880048263567,0.372076541897612,0.26281582338857,0.278054409469971,0.600620171088671,76.26,0.539283417575198,"中國國民黨",0.812587716137947,"ref7"
"330","臺中市","潭子區",0.816564799252819,0.780183028580755,0.79648907549743,0.748551159089178,0.688143321284648,0.619176401068919,0.435272629570162,0.317382223829361,0.311288250863347,0.607677871946275,55.68,0.546817198811932,"中國國民黨",0.816564799252819,"ref7"
"331","屏東縣","潮州鎮",0.787427148648086,0.759254676245306,0.756489999260365,0.765731703137117,0.701507877705176,0.623036569097725,0.510788800579021,0.300760590618611,0.321018767165099,0.586261189318591,54.22,0.491621800810923,"民主進步黨",0.787427148648086,"ref7"
"332","彰化縣","線西鄉",0.822036440728325,0.773529221374427,0.778882445524211,0.769779156903044,0.699563210244294,0.604379396367367,0.441696950325045,0.316339131632881,0.29587926785041,0.610286042063593,66.82,0.557182119205011,"中國國民黨",0.822036440728325,"ref7"
"333","雲林縣","褒忠鄉",0.783252355040072,0.74639572933414,0.746429041618941,0.751526263831513,0.672449220390405,0.578128324003803,0.498829835544732,0.309075766404485,0.328138015905941,0.597711660235598,54.55,0.483713496950316,"中國國民黨",0.783252355040072,"ref7"
"334","臺南市","學甲區",0.774795199597499,0.734346254922895,0.760635703980995,0.770289712411881,0.697723915573459,0.620515911017054,0.58840387207312,0.303119994472134,0.3307057961897,0.574846665806918,47.08,0.467693122935213,"民主進步黨",0.774795199597499,"ref7"
"335","新北市","樹林區",0.777931541824771,0.75292205847643,0.765506397697425,0.706984372056942,0.651240875584167,0.5879240500888,0.475444913293857,0.345653861208825,0.35521632475722,0.576428922374709,54.13,0.473634290253402,"中國國民黨",0.777931541824771,"ref7"
"336","高雄市","橋頭區",0.772891494792032,0.742384277392032,0.756694808250729,0.752919392741321,0.697131791013472,0.645271615956269,0.552486213157866,0.323941105899817,0.339872390878967,0.572650916833424,54.11,0.464086938420216,"民主進步黨",0.772891494792032,"ref7"
"337","新竹縣","橫山鄉",0.810073149410635,0.777524761311903,0.780096039445124,0.795605926751737,0.725012826981639,0.593588231039987,0.362318108942136,0.259799215088862,0.27283306541356,0.596085027778037,44.23,0.53452007844409,"中國國民黨",0.810073149410635,"ref7"
"338","高雄市","燕巢區",0.797257977731535,0.75799338764672,0.762579819406843,0.766059964654614,0.706485931804209,0.634226446792484,0.497238727222346,0.296914527076584,0.316898378729032,0.599734522867966,50.88,0.510244322279854,"中國國民黨",0.797257977731535,"ref7"
"339","苗栗縣","頭份市",0.807588232335835,0.789844971236636,0.796794348827831,0.760594872908068,0.704114546029478,0.631865610180656,0.361681572743704,0.283806514978039,0.29660097602444,0.595970204372776,61.89,0.529812904595255,"中國國民黨",0.807588232335835,"ref7"
"340","宜蘭縣","頭城鎮",0.784360656812396,0.764856261368808,0.752626380921406,0.746089434285261,0.672375463231808,0.583619155593735,0.487752767029538,0.325417440600942,0.340149632095796,0.58229281649757,54.9,0.485812950961159,"中國國民黨",0.784360656812396,"ref7"
"341","苗栗縣","頭屋鄉",0.81931156188622,0.793659582750123,0.749088440661507,0.782831773662948,0.739939932703625,0.622090541604507,0.371252826661198,0.261016485546904,0.292171620332146,0.612771269187878,65.46,0.552020386221292,"中國國民黨",0.81931156188622,"ref7"
"342","臺中市","龍井區",0.788519986731756,0.763409435607471,0.789319182889975,0.746533224972331,0.688811789504417,0.607511693208995,0.433915433921669,0.319238044584949,0.314144836601464,0.597907338391612,55,0.495205877798778,"中國國民黨",0.789319182889975,"ref9"
"343","臺南市","龍崎區",0.789011426283352,0.758849307623754,0.771819849816185,0.796296991186709,0.731160041258135,0.646715973383902,0.507920398003462,0.28703077302129,0.280990168741826,0.587605242175983,32.94,0.508423927233773,"無",0.796296991186709,"ref10"
"344","桃園市","龍潭區",0.819961445296519,0.790958443959359,0.8028091078153,0.760206510099627,0.703001827041815,0.642695221522284,0.37023205048397,0.287818322098397,0.301278846652261,0.625522123936388,47.81,0.55325145917128,"民主進步黨",0.819961445296519,"ref7"
"345","桃園市","龜山區",0.789580534386653,0.757482864737597,0.774280283000379,0.708772546426167,0.654137928863902,0.585211385507626,0.454998609162505,0.339224794347951,0.359576822658085,0.585840276770126,55.18,0.49570095545871,"民主進步黨",0.789580534386653,"ref7"
"346","高雄市","彌陀區",0.781538538583365,0.743925959383697,0.711033745028404,0.777130104402612,0.710334567100404,0.646382355898518,0.494974943087875,0.348820257515042,0.311277791465954,0.586808543489852,52.77,0.480467017585461,"中國國民黨",0.781538538583365,"ref7"
"347","宜蘭縣","礁溪鄉",0.775326786613595,0.766382083612375,0.758696899771439,0.737400312128209,0.65348356611392,0.573371525188572,0.526377169869203,0.325932872716231,0.344361372263791,0.594763868523377,45.91,0.468700107243029,"中國國民黨",0.775326786613595,"ref7"
"348","臺南市","歸仁區",0.769898385510418,0.737554333214314,0.758301497189074,0.73012048658283,0.674749311941445,0.62425589226379,0.532262233942862,0.341807932806739,0.347730985672622,0.5681673204008,37.57,0.458417097007801,"民主進步黨",0.769898385510418,"ref7"
"349","臺中市","豐原區",0.796825621822771,0.766877717904833,0.787125335333744,0.739885540784051,0.684343358978173,0.61083206041854,0.454359206068824,0.307902592261268,0.327893609725609,0.597405813299955,51.64,0.509425311276323,"中國國民黨",0.796825621822771,"ref7"
"350","花蓮縣","豐濱鄉",0.768595140948538,0.754420405522713,0.720700303478127,0.775011748593699,0.70881569453152,0.623858089728717,0.379007962041826,0.280763975678548,0.301779012566512,0.595227779503117,77.7,0.468103331300813,"中國國民黨",0.775011748593699,"ref10"
"351","新北市","雙溪區",0.793452631712093,0.764212943500669,0.779784904783937,0.771218448256293,0.690257004447889,0.575924045582765,0.484728506349533,0.31773743127691,0.302273470384182,0.599047708039953,55.82,0.503035862307431,"中國國民黨",0.793452631712093,"ref7"
"352","宜蘭縣","羅東鎮",0.781344018890532,0.771235981805545,0.767430974080696,0.716379387506793,0.658625217368984,0.590944596911077,0.501468305174561,0.346467177852526,0.364651972837191,0.585499095019987,52.71,0.480098539288752,"中國國民黨",0.781344018890532,"ref7"
"353","臺東縣","關山鎮",0.819431371631647,0.791022949672229,0.776594516779559,0.769394667430272,0.69579552428533,0.60178619897499,0.38006718803217,0.265742362400085,0.30301691537405,0.620082321542537,61.09,0.552247341601908,"中國國民黨",0.819431371631647,"ref7"
"354","新竹縣","關西鎮",0.815357833899199,0.788052406821638,0.786076617704835,0.788441742825242,0.719603163332679,0.623374423402189,0.362318206162063,0.271222337738703,0.283861212222741,0.584609458862623,35.7,0.544530846560332,"中國國民黨",0.815357833899199,"ref7"
"355","臺南市","關廟區",0.778829086988464,0.740953829156102,0.753712533483152,0.756785637158872,0.686569023565571,0.621345596832133,0.537007643543396,0.308364375388093,0.333274431882589,0.583075859070734,37.11,0.475334508407774,"民主進步黨",0.778829086988464,"ref7"
"356","臺中市","霧峰區",0.814525146083657,0.778133632614891,0.786695710036729,0.760820735715107,0.700140682042982,0.610384052320442,0.44149393145596,0.287007294727664,0.303966745722834,0.603185777746118,55.83,0.542953487561389,"中國國民黨",0.814525146083657,"ref7"
"357","屏東縣","霧臺鄉",0.796145596639034,0.7736179402363,0.744122174279626,0.797508887849817,0.751304170029682,0.722942618559888,0.298419828131052,0.240264129628276,0.25736811329355,0.586095022032396,52.81,0.510719620855876,"民主進步黨",0.797508887849817,"ref10"
"358","新竹縣","寶山鄉",0.804604167407301,0.783883346740912,0.784026384057691,0.744741114315188,0.685154214759759,0.59558010790416,0.384796066410968,0.306557191295908,0.351802863824877,0.604230611612409,45.93,0.52416019588426,"中國國民黨",0.804604167407301,"ref7"
"359","桃園市","蘆竹區",0.786292671618026,0.757915773768404,0.781749216792038,0.718907804924672,0.670914245278209,0.602173543492482,0.445805466938455,0.330437664064693,0.344599554038786,0.588755566813794,58.15,0.489472763057446,"民主進步黨",0.786292671618026,"ref7"
"360","新北市","蘆洲區",0.766183949576033,0.744421262022349,0.764488099630699,0.693239115143033,0.637292095083207,0.581674988445505,0.501401887389791,0.359566306552879,0.373049706683543,0.574728608408172,50.56,0.451380847842457,"民主進步黨",0.766183949576033,"ref7"
"361","宜蘭縣","蘇澳鎮",0.78026593807304,0.761995157437872,0.755795913667229,0.744224124304502,0.676086837255914,0.561863563195504,0.531879027077655,0.327635182859624,0.344389838013902,0.600469746814349,49.44,0.478056332777117,"中國國民黨",0.78026593807304,"ref7"
"362","臺東縣","蘭嶼鄉",0.722131663987488,0.709640433718431,0.681867215561052,0.744749253317583,0.618105401844532,0.525105736651116,0.44614893579476,0.280952279240188,0.312364223244642,0.441242741428259,51.86,0.41077714210567,"中國國民黨",0.744749253317583,"ref10"
"363","新北市","鶯歌區",0.773902188157546,0.754746750372691,0.77594323665661,0.720264675217797,0.655294073707807,0.589491272408064,0.478501277980038,0.337842818125295,0.354300041380019,0.582750098598901,53.49,0.469867847426805,"中國國民黨",0.77594323665661,"ref9"
"364","屏東縣","麟洛鄉",0.790634785393951,0.748266098427076,0.764270743515365,0.738499379548593,0.657153393132557,0.627747947787605,0.536205812660494,0.318529157888291,0.377357655342149,0.565762851106571,62.31,0.497698021204681,"民主進步黨",0.790634785393951,"ref7"
"365","臺南市","鹽水區",0.772930760267839,0.730218453994995,0.744301637122732,0.762003571499194,0.687091161579031,0.618060681441366,0.583455492710161,0.315783948275156,0.351172664506571,0.57429252714992,45.92,0.464161318938888,"民主進步黨",0.772930760267839,"ref7"
"366","屏東縣","鹽埔鄉",0.790431806055578,0.752883125394516,0.749304073998601,0.769097438869242,0.675413160950021,0.597593281206035,0.502840143133966,0.300400472181347,0.319243235904506,0.599973031425925,56.37,0.497313517816969,"民主進步黨",0.790431806055578,"ref7"
"367","高雄市","鹽埕區",0.751383977294503,0.71530301129818,0.734624955992209,0.714369206520174,0.667470521550599,0.637417968030402,0.556073725780581,0.379580681353272,0.384952459394219,0.565515773432284,50.55,0.423345287544048,"民主進步黨",0.751383977294503,"ref7"
"368","桃園市","觀音區",0.794076963887283,0.765381647789515,0.77673446382813,0.74706273998362,0.676336793015364,0.577695946722953,0.463101199148043,0.306759544936406,0.323573000256516,0.591979387804901,62.65,0.504218533599702,"民主進步黨",0.794076963887283,"ref7"
